periode_data,tanggal,stasiun,pm10,pm2.5,so2,co,o3,no2,max,kritis,kategori
201001,2010-01-19,DKI2,,,,,,,0,,TIDAK ADA DATA
201001,2010-01-20,DKI2,,,,,,,0,,TIDAK ADA DATA
201001,2010-01-21,DKI2,,,,,,,0,,TIDAK ADA DATA
201001,2010-01-22,DKI2,,,,,,,0,,TIDAK ADA DATA
201001,2010-01-23,DKI2,,,,,,,0,,TIDAK ADA DATA
201001,2010-01-24,DKI2,,,,,,,0,,TIDAK ADA DATA
201001,2010-01-25,DKI2,,,,,,,0,,TIDAK ADA DATA
201001,2010-01-26,DKI2,,,,,,,0,,TIDAK ADA DATA
201001,2010-01-27,DKI2,,,,,,,0,,TIDAK ADA DATA
201001,2010-01-28,DKI2,,,,,,,0,,TIDAK ADA DATA
201001,2010-01-29,DKI2,,,,,,,0,,TIDAK ADA DATA
201001,2010-01-30,DKI2,,,,,,,0,,TIDAK ADA DATA
201001,2010-01-31,DKI2,,,,,,,0,,TIDAK ADA DATA
201001,2010-01-01,DKI3,,,,,,,0,,TIDAK ADA DATA
201001,2010-01-02,DKI3,,,,,,,0,,TIDAK ADA DATA
201001,2010-01-03,DKI3,,,,,,,0,,TIDAK ADA DATA
201001,2010-01-04,DKI3,,,,,,,0,,TIDAK ADA DATA
201001,2010-01-05,DKI3,,,,,,,0,,TIDAK ADA DATA
201001,2010-01-06,DKI3,,,,,,,0,,TIDAK ADA DATA
201001,2010-01-07,DKI3,,,,,,,0,,TIDAK ADA DATA
201001,2010-01-08,DKI3,,,,,,,0,,TIDAK ADA DATA
201001,2010-01-09,DKI3,,,,,,,0,,TIDAK ADA DATA
201001,2010-01-10,DKI3,,,,,,,0,,TIDAK ADA DATA
201001,2010-01-11,DKI3,,,,,,,0,,TIDAK ADA DATA
201001,2010-01-12,DKI3,,,,,,,0,,TIDAK ADA DATA
201001,2010-01-13,DKI3,,,,,,,0,,TIDAK ADA DATA
201001,2010-01-14,DKI3,,,,,,,0,,TIDAK ADA DATA
201001,2010-01-15,DKI3,,,,,,,0,,TIDAK ADA DATA
201001,2010-01-16,DKI3,,,,,,,0,,TIDAK ADA DATA
201001,2010-01-17,DKI3,,,,,,,0,,TIDAK ADA DATA
201001,2010-01-18,DKI3,,,,,,,0,,TIDAK ADA DATA
201001,2010-01-19,DKI3,,,,,,,0,,TIDAK ADA DATA
201001,2010-01-20,DKI3,,,,,,,0,,TIDAK ADA DATA
201001,2010-01-21,DKI3,,,,,,,0,,TIDAK ADA DATA
201001,2010-01-22,DKI3,,,,,,,0,,TIDAK ADA DATA
201001,2010-01-23,DKI3,,,,,,,0,,TIDAK ADA DATA
201001,2010-01-24,DKI3,,,,,,,0,,TIDAK ADA DATA
201001,2010-01-25,DKI3,,,,,,,0,,TIDAK ADA DATA
201001,2010-01-26,DKI3,,,,,,,0,,TIDAK ADA DATA
201001,2010-01-27,DKI3,,,,,,,0,,TIDAK ADA DATA
201001,2010-01-28,DKI3,,,,,,,0,,TIDAK ADA DATA
201001,2010-01-29,DKI3,,,,,,,0,,TIDAK ADA DATA
201001,2010-01-30,DKI3,,,,,,,0,,TIDAK ADA DATA
201001,2010-01-31,DKI3,,,,,,,0,,TIDAK ADA DATA
201001,2010-01-01,DKI4,,,,,,,0,,TIDAK ADA DATA
201001,2010-01-02,DKI4,,,,,,,0,,TIDAK ADA DATA
201001,2010-01-03,DKI4,,,,,,,0,,TIDAK ADA DATA
201002,2010-02-02,DKI1,50.0,,4.0,30.0,23.0,12.0,50,PM10,BAIK
201002,2010-02-03,DKI1,49.0,,7.0,33.0,57.0,23.0,57,O3,SEDANG
201002,2010-02-04,DKI1,59.0,,9.0,38.0,75.0,26.0,75,O3,SEDANG
201002,2010-02-05,DKI1,63.0,,7.0,39.0,41.0,23.0,63,PM10,SEDANG
201002,2010-02-06,DKI1,65.0,,8.0,59.0,24.0,15.0,65,PM10,SEDANG
201002,2010-02-07,DKI1,60.0,,10.0,45.0,47.0,17.0,60,PM10,SEDANG
201002,2010-02-08,DKI1,46.0,,5.0,31.0,42.0,17.0,46,PM10,BAIK
201002,2010-02-09,DKI1,52.0,,7.0,30.0,34.0,16.0,52,PM10,SEDANG
201002,2010-02-10,DKI1,50.0,,8.0,31.0,39.0,14.0,50,PM10,BAIK
201002,2010-02-11,DKI1,47.0,,5.0,27.0,26.0,14.0,47,PM10,BAIK
201002,2010-02-12,DKI1,56.0,,6.0,33.0,45.0,20.0,56,PM10,SEDANG
201002,2010-02-13,DKI1,55.0,,6.0,39.0,14.0,14.0,55,PM10,SEDANG
201002,2010-02-14,DKI1,55.0,,6.0,61.0,16.0,13.0,61,CO,SEDANG
201002,2010-02-15,DKI1,40.0,,4.0,30.0,63.0,22.0,63,O3,SEDANG
201002,2010-02-16,DKI1,56.0,,4.0,43.0,25.0,20.0,56,PM10,SEDANG
201002,2010-02-17,DKI1,52.0,,4.0,34.0,30.0,17.0,52,PM10,SEDANG
201002,2010-02-18,DKI1,41.0,,5.0,26.0,14.0,10.0,41,PM10,BAIK
201002,2010-02-19,DKI1,37.0,,4.0,43.0,17.0,17.0,43,CO,BAIK
201002,2010-02-20,DKI1,52.0,,3.0,64.0,18.0,12.0,64,CO,SEDANG
201002,2010-02-21,DKI1,61.0,,4.0,53.0,36.0,15.0,61,PM10,SEDANG
201002,2010-02-22,DKI1,34.0,,4.0,31.0,23.0,16.0,34,PM10,BAIK
201002,2010-02-23,DKI1,57.0,,7.0,35.0,42.0,18.0,57,PM10,SEDANG
201002,2010-02-24,DKI1,59.0,,4.0,44.0,93.0,24.0,93,O3,SEDANG
201002,2010-02-25,DKI1,65.0,,6.0,55.0,26.0,26.0,65,PM10,SEDANG
201002,2010-02-26,DKI1,68.0,,9.0,67.0,67.0,22.0,68,PM10,SEDANG
201002,2010-02-27,DKI1,67.0,,8.0,47.0,47.0,19.0,67,PM10,SEDANG
201001,2010-01-04,DKI4,,,,,,,0,,TIDAK ADA DATA
201001,2010-01-05,DKI4,,,,,,,0,,TIDAK ADA DATA
201001,2010-01-06,DKI4,,,,,,,0,,TIDAK ADA DATA
201001,2010-01-07,DKI4,,,,,,,0,,TIDAK ADA DATA
201001,2010-01-08,DKI4,,,,,,,0,,TIDAK ADA DATA
201001,2010-01-09,DKI4,,,,,,,0,,TIDAK ADA DATA
201001,2010-01-10,DKI4,,,,,,,0,,TIDAK ADA DATA
201001,2010-01-11,DKI4,,,,,,,0,,TIDAK ADA DATA
201001,2010-01-12,DKI4,,,,,,,0,,TIDAK ADA DATA
201001,2010-01-13,DKI4,,,,,,,0,,TIDAK ADA DATA
201001,2010-01-14,DKI4,,,,,,,0,,TIDAK ADA DATA
201001,2010-01-15,DKI4,,,,,,,0,,TIDAK ADA DATA
201001,2010-01-16,DKI4,,,,,,,0,,TIDAK ADA DATA
201001,2010-01-17,DKI4,,,,,,,0,,TIDAK ADA DATA
201001,2010-01-18,DKI4,,,,,,,0,,TIDAK ADA DATA
201001,2010-01-19,DKI4,,,,,,,0,,TIDAK ADA DATA
201001,2010-01-20,DKI4,,,,,,,0,,TIDAK ADA DATA
201001,2010-01-21,DKI4,,,,,,,0,,TIDAK ADA DATA
201001,2010-01-22,DKI4,,,,,,,0,,TIDAK ADA DATA
201001,2010-01-23,DKI4,,,,,,,0,,TIDAK ADA DATA
201001,2010-01-24,DKI4,,,,,,,0,,TIDAK ADA DATA
201002,2010-02-01,DKI1,41.0,,7.0,30.0,17.0,13.0,41,PM10,BAIK
201001,2010-01-25,DKI4,,,,,,,0,,TIDAK ADA DATA
201001,2010-01-26,DKI4,,,,,,,0,,TIDAK ADA DATA
201001,2010-01-27,DKI4,,,,,,,0,,TIDAK ADA DATA
201001,2010-01-28,DKI4,,,,,,,0,,TIDAK ADA DATA
201001,2010-01-29,DKI4,,,,,,,0,,TIDAK ADA DATA
201001,2010-01-30,DKI4,,,,,,,0,,TIDAK ADA DATA
201001,2010-01-31,DKI4,,,,,,,0,,TIDAK ADA DATA
201001,2010-01-01,DKI5,,,,,,,0,,TIDAK ADA DATA
201001,2010-01-02,DKI5,,,,,,,0,,TIDAK ADA DATA
201001,2010-01-03,DKI5,,,,,,,0,,TIDAK ADA DATA
201001,2010-01-04,DKI5,,,,,,,0,,TIDAK ADA DATA
201001,2010-01-05,DKI5,,,,,,,0,,TIDAK ADA DATA
201001,2010-01-06,DKI5,,,,,,,0,,TIDAK ADA DATA
201001,2010-01-07,DKI5,,,,,,,0,,TIDAK ADA DATA
201001,2010-01-08,DKI5,,,,,,,0,,TIDAK ADA DATA
201001,2010-01-09,DKI5,,,,,,,0,,TIDAK ADA DATA
201001,2010-01-10,DKI5,,,,,,,0,,TIDAK ADA DATA
201001,2010-01-11,DKI5,,,,,,,0,,TIDAK ADA DATA
201001,2010-01-12,DKI5,,,,,,,0,,TIDAK ADA DATA
201001,2010-01-13,DKI5,,,,,,,0,,TIDAK ADA DATA
201001,2010-01-14,DKI5,,,,,,,0,,TIDAK ADA DATA
201001,2010-01-15,DKI5,,,,,,,0,,TIDAK ADA DATA
201001,2010-01-16,DKI5,,,,,,,0,,TIDAK ADA DATA
201001,2010-01-17,DKI5,,,,,,,0,,TIDAK ADA DATA
201001,2010-01-18,DKI5,,,,,,,0,,TIDAK ADA DATA
201001,2010-01-19,DKI5,,,,,,,0,,TIDAK ADA DATA
201001,2010-01-20,DKI5,,,,,,,0,,TIDAK ADA DATA
201001,2010-01-21,DKI5,,,,,,,0,,TIDAK ADA DATA
201001,2010-01-22,DKI5,,,,,,,0,,TIDAK ADA DATA
201001,2010-01-23,DKI5,,,,,,,0,,TIDAK ADA DATA
201001,2010-01-24,DKI5,,,,,,,0,,TIDAK ADA DATA
201001,2010-01-25,DKI5,,,,,,,0,,TIDAK ADA DATA
201001,2010-01-26,DKI5,,,,,,,0,,TIDAK ADA DATA
201001,2010-01-27,DKI5,,,,,,,0,,TIDAK ADA DATA
201001,2010-01-28,DKI5,,,,,,,0,,TIDAK ADA DATA
201001,2010-01-29,DKI5,,,,,,,0,,TIDAK ADA DATA
201001,2010-01-30,DKI5,,,,,,,0,,TIDAK ADA DATA
201001,2010-01-31,DKI5,,,,,,,0,,TIDAK ADA DATA
201002,2010-02-18,DKI3,,,,,,,0,,TIDAK ADA DATA
201002,2010-02-19,DKI3,,,,,,,0,,TIDAK ADA DATA
201002,2010-02-20,DKI3,,,,,,,0,,TIDAK ADA DATA
201002,2010-02-21,DKI3,,,,,,,0,,TIDAK ADA DATA
201002,2010-02-22,DKI3,,,,,,,0,,TIDAK ADA DATA
201002,2010-02-23,DKI3,,,,,,,0,,TIDAK ADA DATA
201002,2010-02-24,DKI3,,,,,,,0,,TIDAK ADA DATA
201002,2010-02-25,DKI3,,,,,,,0,,TIDAK ADA DATA
201002,2010-02-28,DKI1,65.0,,6.0,38.0,80.0,23.0,80,O3,SEDANG
201002,2010-02-01,DKI2,,,,,,,0,,TIDAK ADA DATA
201002,2010-02-02,DKI2,,,,,,,0,,TIDAK ADA DATA
201002,2010-02-03,DKI2,,,,,,,0,,TIDAK ADA DATA
201002,2010-02-04,DKI2,,,,,,,0,,TIDAK ADA DATA
201002,2010-02-05,DKI2,,,,,,,0,,TIDAK ADA DATA
201002,2010-02-06,DKI2,,,,,,,0,,TIDAK ADA DATA
201002,2010-02-07,DKI2,,,,,,,0,,TIDAK ADA DATA
201002,2010-02-08,DKI2,,,,,,,0,,TIDAK ADA DATA
201002,2010-02-09,DKI2,,,,,,,0,,TIDAK ADA DATA
201002,2010-02-10,DKI2,,,,,,,0,,TIDAK ADA DATA
201002,2010-02-11,DKI2,,,,,,,0,,TIDAK ADA DATA
201002,2010-02-12,DKI2,,,,,,,0,,TIDAK ADA DATA
201002,2010-02-13,DKI2,,,,,,,0,,TIDAK ADA DATA
201002,2010-02-14,DKI2,,,,,,,0,,TIDAK ADA DATA
201002,2010-02-15,DKI2,,,,,,,0,,TIDAK ADA DATA
201002,2010-02-16,DKI2,,,,,,,0,,TIDAK ADA DATA
201002,2010-02-17,DKI2,,,,,,,0,,TIDAK ADA DATA
201002,2010-02-18,DKI2,,,,,,,0,,TIDAK ADA DATA
201002,2010-02-19,DKI2,,,,,,,0,,TIDAK ADA DATA
201002,2010-02-20,DKI2,,,,,,,0,,TIDAK ADA DATA
201002,2010-02-21,DKI2,,,,,,,0,,TIDAK ADA DATA
201002,2010-02-22,DKI2,,,,,,,0,,TIDAK ADA DATA
201002,2010-02-23,DKI2,,,,,,,0,,TIDAK ADA DATA
201002,2010-02-24,DKI2,,,,,,,0,,TIDAK ADA DATA
201002,2010-02-25,DKI2,,,,,,,0,,TIDAK ADA DATA
201002,2010-02-26,DKI2,,,,,,,0,,TIDAK ADA DATA
201002,2010-02-27,DKI2,,,,,,,0,,TIDAK ADA DATA
201002,2010-02-28,DKI2,,,,,,,0,,TIDAK ADA DATA
201002,2010-02-01,DKI3,,,,,,,0,,TIDAK ADA DATA
201002,2010-02-02,DKI3,,,,,,,0,,TIDAK ADA DATA
201002,2010-02-03,DKI3,,,,,,,0,,TIDAK ADA DATA
201002,2010-02-04,DKI3,,,,,,,0,,TIDAK ADA DATA
201002,2010-02-05,DKI3,,,,,,,0,,TIDAK ADA DATA
201002,2010-02-06,DKI3,,,,,,,0,,TIDAK ADA DATA
201002,2010-02-07,DKI3,,,,,,,0,,TIDAK ADA DATA
201002,2010-02-08,DKI3,,,,,,,0,,TIDAK ADA DATA
201002,2010-02-09,DKI3,,,,,,,0,,TIDAK ADA DATA
201002,2010-02-10,DKI3,,,,,,,0,,TIDAK ADA DATA
201002,2010-02-11,DKI3,,,,,,,0,,TIDAK ADA DATA
201002,2010-02-12,DKI3,,,,,,,0,,TIDAK ADA DATA
201002,2010-02-13,DKI3,,,,,,,0,,TIDAK ADA DATA
201002,2010-02-14,DKI3,,,,,,,0,,TIDAK ADA DATA
201002,2010-02-15,DKI3,,,,,,,0,,TIDAK ADA DATA
201002,2010-02-16,DKI3,,,,,,,0,,TIDAK ADA DATA
201002,2010-02-17,DKI3,,,,,,,0,,TIDAK ADA DATA
201001,2010-01-01,DKI1,60.0,,4.0,73.0,27.0,14.0,73,CO,SEDANG
201001,2010-01-02,DKI1,32.0,,2.0,16.0,33.0,9.0,33,O3,BAIK
201001,2010-01-03,DKI1,27.0,,2.0,19.0,20.0,9.0,27,PM10,BAIK
201001,2010-01-04,DKI1,22.0,,2.0,16.0,15.0,6.0,22,PM10,BAIK
201001,2010-01-05,DKI1,25.0,,2.0,17.0,15.0,8.0,25,PM10,BAIK
201001,2010-01-06,DKI1,30.0,,3.0,22.0,19.0,11.0,30,PM10,BAIK
201001,2010-01-07,DKI1,41.0,,4.0,24.0,27.0,13.0,41,PM10,BAIK
201001,2010-01-08,DKI1,64.0,,8.0,51.0,19.0,15.0,64,PM10,SEDANG
201001,2010-01-09,DKI1,55.0,,5.0,39.0,23.0,16.0,55,PM10,SEDANG
201001,2010-01-10,DKI1,34.0,,5.0,23.0,26.0,12.0,34,PM10,BAIK
201001,2010-01-11,DKI1,55.0,,10.0,32.0,23.0,16.0,55,PM10,SEDANG
201001,2010-01-12,DKI1,45.0,,4.0,33.0,9.0,17.0,45,PM10,BAIK
201001,2010-01-13,DKI1,28.0,,5.0,29.0,10.0,12.0,29,CO,BAIK
201001,2010-01-14,DKI1,38.0,,6.0,28.0,15.0,10.0,38,PM10,BAIK
201001,2010-01-15,DKI1,35.0,,5.0,33.0,17.0,17.0,35,PM10,BAIK
201001,2010-01-16,DKI1,54.0,,5.0,38.0,17.0,18.0,54,PM10,SEDANG
201001,2010-01-17,DKI1,44.0,,4.0,28.0,22.0,14.0,44,PM10,BAIK
201001,2010-01-18,DKI1,38.0,,4.0,29.0,24.0,15.0,38,PM10,BAIK
201001,2010-01-19,DKI1,40.0,,3.0,43.0,23.0,23.0,43,CO,BAIK
201001,2010-01-20,DKI1,61.0,,5.0,63.0,16.0,17.0,63,CO,SEDANG
201001,2010-01-21,DKI1,36.0,,4.0,27.0,23.0,13.0,36,PM10,BAIK
201001,2010-01-22,DKI1,51.0,,4.0,45.0,14.0,13.0,51,PM10,SEDANG
201001,2010-01-23,DKI1,35.0,,3.0,30.0,20.0,14.0,35,PM10,BAIK
201001,2010-01-24,DKI1,56.0,,6.0,46.0,30.0,14.0,56,PM10,SEDANG
201001,2010-01-25,DKI1,59.0,,4.0,38.0,18.0,15.0,59,PM10,SEDANG
201001,2010-01-26,DKI1,43.0,,5.0,42.0,19.0,24.0,43,PM10,BAIK
201001,2010-01-27,DKI1,54.0,,8.0,38.0,40.0,16.0,54,PM10,SEDANG
201001,2010-01-28,DKI1,72.0,,8.0,55.0,20.0,17.0,72,PM10,SEDANG
201001,2010-01-29,DKI1,51.0,,8.0,24.0,19.0,11.0,51,PM10,SEDANG
201001,2010-01-30,DKI1,47.0,,8.0,32.0,19.0,12.0,47,PM10,BAIK
201001,2010-01-31,DKI1,32.0,,5.0,25.0,26.0,10.0,32,PM10,BAIK
201001,2010-01-01,DKI2,,,,,,,0,,TIDAK ADA DATA
201001,2010-01-02,DKI2,,,,,,,0,,TIDAK ADA DATA
201001,2010-01-03,DKI2,,,,,,,0,,TIDAK ADA DATA
201001,2010-01-04,DKI2,,,,,,,0,,TIDAK ADA DATA
201001,2010-01-05,DKI2,,,,,,,0,,TIDAK ADA DATA
201001,2010-01-06,DKI2,,,,,,,0,,TIDAK ADA DATA
201001,2010-01-07,DKI2,,,,,,,0,,TIDAK ADA DATA
201001,2010-01-08,DKI2,,,,,,,0,,TIDAK ADA DATA
201001,2010-01-09,DKI2,,,,,,,0,,TIDAK ADA DATA
201001,2010-01-10,DKI2,,,,,,,0,,TIDAK ADA DATA
201001,2010-01-11,DKI2,,,,,,,0,,TIDAK ADA DATA
201001,2010-01-12,DKI2,,,,,,,0,,TIDAK ADA DATA
201001,2010-01-13,DKI2,,,,,,,0,,TIDAK ADA DATA
201001,2010-01-14,DKI2,,,,,,,0,,TIDAK ADA DATA
201001,2010-01-15,DKI2,,,,,,,0,,TIDAK ADA DATA
201001,2010-01-16,DKI2,,,,,,,0,,TIDAK ADA DATA
201001,2010-01-17,DKI2,,,,,,,0,,TIDAK ADA DATA
201001,2010-01-18,DKI2,,,,,,,0,,TIDAK ADA DATA
201004,2010-04-01,DKI1,59.0,,5.0,46.0,,21.0,59,PM10,SEDANG
201004,2010-04-02,DKI1,57.0,,4.0,31.0,88.0,18.0,88,O3,SEDANG
201004,2010-04-03,DKI1,37.0,,4.0,18.0,,10.0,37,PM10,BAIK
201004,2010-04-04,DKI1,39.0,,,29.0,,10.0,39,PM10,BAIK
201004,2010-04-05,DKI1,63.0,,7.0,50.0,,22.0,63,PM10,SEDANG
201004,2010-04-06,DKI1,70.0,,9.0,52.0,,27.0,70,PM10,SEDANG
201004,2010-04-07,DKI1,70.0,,14.0,42.0,62.0,25.0,70,PM10,SEDANG
201004,2010-04-08,DKI1,65.0,,15.0,54.0,102.0,27.0,102,O3,TIDAK SEHAT
201004,2010-04-09,DKI1,59.0,,12.0,46.0,27.0,15.0,59,PM10,SEDANG
201004,2010-04-10,DKI1,40.0,,10.0,33.0,33.0,12.0,40,PM10,BAIK
201004,2010-04-11,DKI1,45.0,,10.0,31.0,21.0,11.0,45,PM10,BAIK
201004,2010-04-12,DKI1,66.0,,19.0,39.0,80.0,25.0,80,O3,SEDANG
201004,2010-04-13,DKI1,57.0,,17.0,34.0,80.0,24.0,80,O3,SEDANG
201004,2010-04-14,DKI1,70.0,,16.0,40.0,59.0,21.0,70,PM10,SEDANG
201004,2010-04-15,DKI1,70.0,,13.0,57.0,41.0,19.0,70,PM10,SEDANG
201004,2010-04-16,DKI1,38.0,,11.0,30.0,42.0,13.0,42,O3,BAIK
201004,2010-04-17,DKI1,38.0,,10.0,26.0,28.0,12.0,38,PM10,BAIK
201004,2010-04-18,DKI1,36.0,,9.0,22.0,27.0,10.0,36,PM10,BAIK
201004,2010-04-19,DKI1,36.0,,,24.0,20.0,10.0,36,PM10,BAIK
201004,2010-04-20,DKI1,39.0,,,27.0,24.0,12.0,39,PM10,BAIK
201004,2010-04-21,DKI1,41.0,,,23.0,30.0,12.0,41,PM10,BAIK
201004,2010-04-22,DKI1,37.0,,,34.0,25.0,14.0,37,PM10,BAIK
201004,2010-04-23,DKI1,29.0,,,22.0,23.0,12.0,29,PM10,BAIK
201004,2010-04-24,DKI1,31.0,,,28.0,36.0,12.0,36,O3,BAIK
201004,2010-04-25,DKI1,50.0,,,26.0,55.0,29.0,55,O3,SEDANG
201004,2010-04-26,DKI1,58.0,,,31.0,67.0,29.0,67,O3,SEDANG
201004,2010-04-27,DKI1,67.0,,,30.0,52.0,18.0,67,PM10,SEDANG
201004,2010-04-28,DKI1,56.0,,,26.0,30.0,15.0,56,PM10,SEDANG
201004,2010-04-29,DKI1,61.0,,,34.0,61.0,26.0,61,PM10,SEDANG
201004,2010-04-30,DKI1,76.0,,,42.0,42.0,24.0,76,PM10,SEDANG
201004,2010-04-01,DKI2,,,,,,,0,,TIDAK ADA DATA
201004,2010-04-02,DKI2,,,,,,,0,,TIDAK ADA DATA
201004,2010-04-03,DKI2,,,,,,,0,,TIDAK ADA DATA
201004,2010-04-04,DKI2,,,,,,,0,,TIDAK ADA DATA
201004,2010-04-05,DKI2,,,,,,,0,,TIDAK ADA DATA
201004,2010-04-06,DKI2,,,,,,,0,,TIDAK ADA DATA
201004,2010-04-07,DKI2,,,,,,,0,,TIDAK ADA DATA
201004,2010-04-08,DKI2,,,,,,,0,,TIDAK ADA DATA
201004,2010-04-09,DKI2,,,,,,,0,,TIDAK ADA DATA
201004,2010-04-10,DKI2,,,,,,,0,,TIDAK ADA DATA
201004,2010-04-11,DKI2,,,,,,,0,,TIDAK ADA DATA
201004,2010-04-12,DKI2,,,,,,,0,,TIDAK ADA DATA
201004,2010-04-13,DKI2,,,,,,,0,,TIDAK ADA DATA
201004,2010-04-14,DKI2,,,,,,,0,,TIDAK ADA DATA
201004,2010-04-15,DKI2,,,,,,,0,,TIDAK ADA DATA
201004,2010-04-16,DKI2,,,,,,,0,,TIDAK ADA DATA
201004,2010-04-17,DKI2,,,,,,,0,,TIDAK ADA DATA
201004,2010-04-18,DKI2,,,,,,,0,,TIDAK ADA DATA
201004,2010-04-25,DKI4,,,,,,,0,,TIDAK ADA DATA
201004,2010-04-26,DKI4,,,,,,,0,,TIDAK ADA DATA
201004,2010-04-27,DKI4,,,,,,,0,,TIDAK ADA DATA
201004,2010-04-28,DKI4,,,,,,,0,,TIDAK ADA DATA
201004,2010-04-29,DKI4,,,,,,,0,,TIDAK ADA DATA
201004,2010-04-30,DKI4,,,,,,,0,,TIDAK ADA DATA
201004,2010-04-01,DKI5,,,,,,,0,,TIDAK ADA DATA
201004,2010-04-02,DKI5,,,,,,,0,,TIDAK ADA DATA
201004,2010-04-03,DKI5,,,,,,,0,,TIDAK ADA DATA
201004,2010-04-04,DKI5,,,,,,,0,,TIDAK ADA DATA
201004,2010-04-05,DKI5,,,,,,,0,,TIDAK ADA DATA
201004,2010-04-06,DKI5,,,,,,,0,,TIDAK ADA DATA
201004,2010-04-07,DKI5,,,,,,,0,,TIDAK ADA DATA
201004,2010-04-08,DKI5,,,,,,,0,,TIDAK ADA DATA
201004,2010-04-09,DKI5,,,,,,,0,,TIDAK ADA DATA
201004,2010-04-10,DKI5,,,,,,,0,,TIDAK ADA DATA
201004,2010-04-11,DKI5,,,,,,,0,,TIDAK ADA DATA
201004,2010-04-12,DKI5,,,,,,,0,,TIDAK ADA DATA
201004,2010-04-13,DKI5,,,,,,,0,,TIDAK ADA DATA
201004,2010-04-14,DKI5,,,,,,,0,,TIDAK ADA DATA
201004,2010-04-15,DKI5,,,,,,,0,,TIDAK ADA DATA
201004,2010-04-16,DKI5,,,,,,,0,,TIDAK ADA DATA
201004,2010-04-17,DKI5,,,,,,,0,,TIDAK ADA DATA
201004,2010-04-18,DKI5,,,,,,,0,,TIDAK ADA DATA
201004,2010-04-19,DKI5,,,,,,,0,,TIDAK ADA DATA
201004,2010-04-20,DKI5,,,,,,,0,,TIDAK ADA DATA
201004,2010-04-21,DKI5,,,,,,,0,,TIDAK ADA DATA
201004,2010-04-22,DKI5,,,,,,,0,,TIDAK ADA DATA
201004,2010-04-23,DKI5,,,,,,,0,,TIDAK ADA DATA
201004,2010-04-24,DKI5,,,,,,,0,,TIDAK ADA DATA
201004,2010-04-25,DKI5,,,,,,,0,,TIDAK ADA DATA
201004,2010-04-26,DKI5,,,,,,,0,,TIDAK ADA DATA
201004,2010-04-27,DKI5,,,,,,,0,,TIDAK ADA DATA
201004,2010-04-28,DKI5,,,,,,,0,,TIDAK ADA DATA
201004,2010-04-29,DKI5,,,,,,,0,,TIDAK ADA DATA
201004,2010-04-30,DKI5,,,,,,,0,,TIDAK ADA DATA
201005,2010-05-01,DKI1,60.0,,,24.0,28.0,10.0,60,PM10,SEDANG
201005,2010-05-02,DKI1,58.0,,16.0,19.0,31.0,13.0,58,PM10,SEDANG
201005,2010-05-03,DKI1,60.0,,16.0,29.0,73.0,18.0,73,O3,SEDANG
201005,2010-05-04,DKI1,53.0,,13.0,27.0,31.0,16.0,53,PM10,SEDANG
201005,2010-05-05,DKI1,53.0,,16.0,26.0,35.0,15.0,53,PM10,SEDANG
201005,2010-05-06,DKI1,53.0,,19.0,25.0,21.0,11.0,53,PM10,SEDANG
201005,2010-05-07,DKI1,67.0,,19.0,33.0,33.0,16.0,67,PM10,SEDANG
201005,2010-05-08,DKI1,57.0,,16.0,24.0,26.0,9.0,57,PM10,SEDANG
201005,2010-05-09,DKI1,,,16.0,28.0,51.0,16.0,51,O3,SEDANG
201005,2010-05-10,DKI1,,,14.0,43.0,75.0,26.0,75,O3,SEDANG
201005,2010-05-11,DKI1,,,14.0,42.0,60.0,24.0,60,O3,SEDANG
201003,2010-03-01,DKI1,60.0,,5.0,39.0,44.0,19.0,60,PM10,SEDANG
201003,2010-03-02,DKI1,74.0,,8.0,56.0,68.0,27.0,74,PM10,SEDANG
201003,2010-03-03,DKI1,54.0,,12.0,35.0,77.0,25.0,77,O3,SEDANG
201003,2010-03-04,DKI1,59.0,,9.0,32.0,62.0,20.0,62,O3,SEDANG
201003,2010-03-05,DKI1,62.0,,11.0,35.0,31.0,19.0,62,PM10,SEDANG
201003,2010-03-06,DKI1,72.0,,10.0,54.0,43.0,23.0,72,PM10,SEDANG
201003,2010-03-07,DKI1,59.0,,7.0,46.0,57.0,19.0,59,PM10,SEDANG
201003,2010-03-08,DKI1,56.0,,7.0,37.0,39.0,18.0,56,PM10,SEDANG
201003,2010-03-09,DKI1,45.0,,5.0,33.0,27.0,15.0,45,PM10,BAIK
201003,2010-03-10,DKI1,44.0,,8.0,37.0,41.0,19.0,44,PM10,BAIK
201003,2010-03-11,DKI1,51.0,,6.0,37.0,18.0,14.0,51,PM10,SEDANG
201003,2010-03-12,DKI1,43.0,,6.0,42.0,39.0,20.0,43,PM10,BAIK
201003,2010-03-13,DKI1,74.0,,9.0,46.0,64.0,16.0,74,PM10,SEDANG
201003,2010-03-14,DKI1,61.0,,9.0,27.0,27.0,13.0,61,PM10,SEDANG
201003,2010-03-15,DKI1,52.0,,8.0,28.0,30.0,15.0,52,PM10,SEDANG
201003,2010-03-16,DKI1,40.0,,5.0,25.0,45.0,13.0,45,O3,BAIK
201003,2010-03-17,DKI1,50.0,,8.0,30.0,25.0,15.0,50,PM10,BAIK
201003,2010-03-18,DKI1,58.0,,10.0,33.0,23.0,15.0,58,PM10,SEDANG
201003,2010-03-19,DKI1,63.0,,10.0,44.0,36.0,18.0,63,PM10,SEDANG
201003,2010-03-20,DKI1,54.0,,11.0,29.0,66.0,19.0,66,O3,SEDANG
201003,2010-03-21,DKI1,52.0,,7.0,33.0,31.0,16.0,52,PM10,SEDANG
201003,2010-03-22,DKI1,37.0,,5.0,22.0,15.0,10.0,37,PM10,BAIK
201003,2010-03-23,DKI1,52.0,,9.0,44.0,42.0,29.0,52,PM10,SEDANG
201003,2010-03-24,DKI1,,,7.0,41.0,99.0,29.0,99,O3,SEDANG
201003,2010-03-25,DKI1,55.0,,9.0,33.0,46.0,20.0,55,PM10,SEDANG
201003,2010-03-26,DKI1,48.0,,4.0,45.0,57.0,29.0,57,O3,SEDANG
201003,2010-03-27,DKI1,61.0,,18.0,41.0,59.0,16.0,61,PM10,SEDANG
201003,2010-03-28,DKI1,56.0,,4.0,44.0,45.0,13.0,56,PM10,SEDANG
201003,2010-03-29,DKI1,50.0,,2.0,34.0,27.0,25.0,50,PM10,BAIK
201003,2010-03-30,DKI1,44.0,,6.0,33.0,,12.0,44,PM10,BAIK
201003,2010-03-31,DKI1,58.0,,5.0,57.0,,14.0,58,PM10,SEDANG
201003,2010-03-01,DKI2,,,,,,,0,,TIDAK ADA DATA
201003,2010-03-02,DKI2,,,,,,,0,,TIDAK ADA DATA
201003,2010-03-03,DKI2,,,,,,,0,,TIDAK ADA DATA
201003,2010-03-04,DKI2,,,,,,,0,,TIDAK ADA DATA
201003,2010-03-05,DKI2,,,,,,,0,,TIDAK ADA DATA
201003,2010-03-06,DKI2,,,,,,,0,,TIDAK ADA DATA
201003,2010-03-07,DKI2,,,,,,,0,,TIDAK ADA DATA
201003,2010-03-08,DKI2,,,,,,,0,,TIDAK ADA DATA
201003,2010-03-09,DKI2,,,,,,,0,,TIDAK ADA DATA
201003,2010-03-10,DKI2,,,,,,,0,,TIDAK ADA DATA
201003,2010-03-11,DKI2,,,,,,,0,,TIDAK ADA DATA
201003,2010-03-12,DKI2,,,,,,,0,,TIDAK ADA DATA
201003,2010-03-13,DKI2,,,,,,,0,,TIDAK ADA DATA
201003,2010-03-14,DKI2,,,,,,,0,,TIDAK ADA DATA
201003,2010-03-15,DKI2,,,,,,,0,,TIDAK ADA DATA
201003,2010-03-16,DKI2,,,,,,,0,,TIDAK ADA DATA
201003,2010-03-17,DKI2,,,,,,,0,,TIDAK ADA DATA
201003,2010-03-18,DKI2,,,,,,,0,,TIDAK ADA DATA
201003,2010-03-19,DKI2,,,,,,,0,,TIDAK ADA DATA
201003,2010-03-20,DKI2,,,,,,,0,,TIDAK ADA DATA
201003,2010-03-21,DKI2,,,,,,,0,,TIDAK ADA DATA
201003,2010-03-22,DKI2,,,,,,,0,,TIDAK ADA DATA
201003,2010-03-23,DKI2,,,,,,,0,,TIDAK ADA DATA
201003,2010-03-24,DKI2,,,,,,,0,,TIDAK ADA DATA
201003,2010-03-25,DKI2,,,,,,,0,,TIDAK ADA DATA
201003,2010-03-26,DKI2,,,,,,,0,,TIDAK ADA DATA
201003,2010-03-27,DKI2,,,,,,,0,,TIDAK ADA DATA
201003,2010-03-28,DKI2,,,,,,,0,,TIDAK ADA DATA
201003,2010-03-29,DKI2,,,,,,,0,,TIDAK ADA DATA
201003,2010-03-30,DKI2,,,,,,,0,,TIDAK ADA DATA
201003,2010-03-31,DKI2,,,,,,,0,,TIDAK ADA DATA
201003,2010-03-01,DKI3,,,,,,,0,,TIDAK ADA DATA
201003,2010-03-02,DKI3,,,,,,,0,,TIDAK ADA DATA
201003,2010-03-03,DKI3,,,,,,,0,,TIDAK ADA DATA
201003,2010-03-04,DKI3,,,,,,,0,,TIDAK ADA DATA
201003,2010-03-05,DKI3,,,,,,,0,,TIDAK ADA DATA
201003,2010-03-06,DKI3,,,,,,,0,,TIDAK ADA DATA
201003,2010-03-07,DKI3,,,,,,,0,,TIDAK ADA DATA
201003,2010-03-08,DKI3,,,,,,,0,,TIDAK ADA DATA
201003,2010-03-09,DKI3,,,,,,,0,,TIDAK ADA DATA
201003,2010-03-10,DKI3,,,,,,,0,,TIDAK ADA DATA
201003,2010-03-11,DKI3,,,,,,,0,,TIDAK ADA DATA
201003,2010-03-12,DKI3,,,,,,,0,,TIDAK ADA DATA
201003,2010-03-13,DKI3,,,,,,,0,,TIDAK ADA DATA
201003,2010-03-14,DKI3,,,,,,,0,,TIDAK ADA DATA
201003,2010-03-15,DKI3,,,,,,,0,,TIDAK ADA DATA
201003,2010-03-16,DKI3,,,,,,,0,,TIDAK ADA DATA
201003,2010-03-17,DKI3,,,,,,,0,,TIDAK ADA DATA
201003,2010-03-18,DKI3,,,,,,,0,,TIDAK ADA DATA
201003,2010-03-19,DKI3,,,,,,,0,,TIDAK ADA DATA
201003,2010-03-20,DKI3,,,,,,,0,,TIDAK ADA DATA
201003,2010-03-21,DKI3,,,,,,,0,,TIDAK ADA DATA
201003,2010-03-22,DKI3,,,,,,,0,,TIDAK ADA DATA
201003,2010-03-23,DKI3,,,,,,,0,,TIDAK ADA DATA
201003,2010-03-24,DKI3,,,,,,,0,,TIDAK ADA DATA
201003,2010-03-25,DKI3,,,,,,,0,,TIDAK ADA DATA
201003,2010-03-26,DKI3,,,,,,,0,,TIDAK ADA DATA
201003,2010-03-27,DKI3,,,,,,,0,,TIDAK ADA DATA
201003,2010-03-28,DKI3,,,,,,,0,,TIDAK ADA DATA
201003,2010-03-29,DKI3,,,,,,,0,,TIDAK ADA DATA
201003,2010-03-30,DKI3,,,,,,,0,,TIDAK ADA DATA
201003,2010-03-31,DKI3,,,,,,,0,,TIDAK ADA DATA
201003,2010-03-01,DKI4,,,,,,,0,,TIDAK ADA DATA
201003,2010-03-02,DKI4,,,,,,,0,,TIDAK ADA DATA
201002,2010-02-26,DKI3,,,,,,,0,,TIDAK ADA DATA
201002,2010-02-27,DKI3,,,,,,,0,,TIDAK ADA DATA
201002,2010-02-28,DKI3,,,,,,,0,,TIDAK ADA DATA
201002,2010-02-01,DKI4,,,,,,,0,,TIDAK ADA DATA
201002,2010-02-02,DKI4,,,,,,,0,,TIDAK ADA DATA
201002,2010-02-03,DKI4,,,,,,,0,,TIDAK ADA DATA
201002,2010-02-04,DKI4,,,,,,,0,,TIDAK ADA DATA
201002,2010-02-05,DKI4,,,,,,,0,,TIDAK ADA DATA
201002,2010-02-06,DKI4,,,,,,,0,,TIDAK ADA DATA
201002,2010-02-07,DKI4,,,,,,,0,,TIDAK ADA DATA
201002,2010-02-08,DKI4,,,,,,,0,,TIDAK ADA DATA
201002,2010-02-09,DKI4,,,,,,,0,,TIDAK ADA DATA
201002,2010-02-10,DKI4,,,,,,,0,,TIDAK ADA DATA
201002,2010-02-11,DKI4,,,,,,,0,,TIDAK ADA DATA
201002,2010-02-12,DKI4,,,,,,,0,,TIDAK ADA DATA
201002,2010-02-13,DKI4,,,,,,,0,,TIDAK ADA DATA
201002,2010-02-14,DKI4,,,,,,,0,,TIDAK ADA DATA
201002,2010-02-15,DKI4,,,,,,,0,,TIDAK ADA DATA
201002,2010-02-16,DKI4,,,,,,,0,,TIDAK ADA DATA
201002,2010-02-17,DKI4,,,,,,,0,,TIDAK ADA DATA
201002,2010-02-18,DKI4,,,,,,,0,,TIDAK ADA DATA
201002,2010-02-19,DKI4,,,,,,,0,,TIDAK ADA DATA
201002,2010-02-20,DKI4,,,,,,,0,,TIDAK ADA DATA
201002,2010-02-21,DKI4,,,,,,,0,,TIDAK ADA DATA
201002,2010-02-22,DKI4,,,,,,,0,,TIDAK ADA DATA
201002,2010-02-23,DKI4,,,,,,,0,,TIDAK ADA DATA
201002,2010-02-24,DKI4,,,,,,,0,,TIDAK ADA DATA
201002,2010-02-25,DKI4,,,,,,,0,,TIDAK ADA DATA
201002,2010-02-26,DKI4,,,,,,,0,,TIDAK ADA DATA
201002,2010-02-27,DKI4,,,,,,,0,,TIDAK ADA DATA
201002,2010-02-28,DKI4,,,,,,,0,,TIDAK ADA DATA
201002,2010-02-01,DKI5,,,,,,,0,,TIDAK ADA DATA
201002,2010-02-02,DKI5,,,,,,,0,,TIDAK ADA DATA
201002,2010-02-03,DKI5,,,,,,,0,,TIDAK ADA DATA
201002,2010-02-04,DKI5,,,,,,,0,,TIDAK ADA DATA
201002,2010-02-05,DKI5,,,,,,,0,,TIDAK ADA DATA
201002,2010-02-06,DKI5,,,,,,,0,,TIDAK ADA DATA
201002,2010-02-07,DKI5,,,,,,,0,,TIDAK ADA DATA
201002,2010-02-08,DKI5,,,,,,,0,,TIDAK ADA DATA
201002,2010-02-09,DKI5,,,,,,,0,,TIDAK ADA DATA
201002,2010-02-10,DKI5,,,,,,,0,,TIDAK ADA DATA
201002,2010-02-11,DKI5,,,,,,,0,,TIDAK ADA DATA
201002,2010-02-12,DKI5,,,,,,,0,,TIDAK ADA DATA
201002,2010-02-13,DKI5,,,,,,,0,,TIDAK ADA DATA
201002,2010-02-14,DKI5,,,,,,,0,,TIDAK ADA DATA
201002,2010-02-15,DKI5,,,,,,,0,,TIDAK ADA DATA
201002,2010-02-16,DKI5,,,,,,,0,,TIDAK ADA DATA
201002,2010-02-17,DKI5,,,,,,,0,,TIDAK ADA DATA
201002,2010-02-18,DKI5,,,,,,,0,,TIDAK ADA DATA
201002,2010-02-19,DKI5,,,,,,,0,,TIDAK ADA DATA
201002,2010-02-20,DKI5,,,,,,,0,,TIDAK ADA DATA
201002,2010-02-21,DKI5,,,,,,,0,,TIDAK ADA DATA
201002,2010-02-22,DKI5,,,,,,,0,,TIDAK ADA DATA
201002,2010-02-23,DKI5,,,,,,,0,,TIDAK ADA DATA
201002,2010-02-24,DKI5,,,,,,,0,,TIDAK ADA DATA
201002,2010-02-25,DKI5,,,,,,,0,,TIDAK ADA DATA
201002,2010-02-26,DKI5,,,,,,,0,,TIDAK ADA DATA
201002,2010-02-27,DKI5,,,,,,,0,,TIDAK ADA DATA
201002,2010-02-28,DKI5,,,,,,,0,,TIDAK ADA DATA
201003,2010-03-03,DKI4,,,,,,,0,,TIDAK ADA DATA
201003,2010-03-04,DKI4,,,,,,,0,,TIDAK ADA DATA
201003,2010-03-05,DKI4,,,,,,,0,,TIDAK ADA DATA
201003,2010-03-06,DKI4,,,,,,,0,,TIDAK ADA DATA
201003,2010-03-07,DKI4,,,,,,,0,,TIDAK ADA DATA
201003,2010-03-08,DKI4,,,,,,,0,,TIDAK ADA DATA
201003,2010-03-09,DKI4,,,,,,,0,,TIDAK ADA DATA
201003,2010-03-10,DKI4,,,,,,,0,,TIDAK ADA DATA
201003,2010-03-11,DKI4,,,,,,,0,,TIDAK ADA DATA
201003,2010-03-12,DKI4,,,,,,,0,,TIDAK ADA DATA
201003,2010-03-13,DKI4,,,,,,,0,,TIDAK ADA DATA
201003,2010-03-14,DKI4,,,,,,,0,,TIDAK ADA DATA
201003,2010-03-15,DKI4,,,,,,,0,,TIDAK ADA DATA
201003,2010-03-16,DKI4,,,,,,,0,,TIDAK ADA DATA
201003,2010-03-17,DKI4,,,,,,,0,,TIDAK ADA DATA
201003,2010-03-18,DKI4,,,,,,,0,,TIDAK ADA DATA
201003,2010-03-19,DKI4,,,,,,,0,,TIDAK ADA DATA
201003,2010-03-20,DKI4,,,,,,,0,,TIDAK ADA DATA
201003,2010-03-21,DKI4,,,,,,,0,,TIDAK ADA DATA
201003,2010-03-22,DKI4,,,,,,,0,,TIDAK ADA DATA
201003,2010-03-23,DKI4,,,,,,,0,,TIDAK ADA DATA
201003,2010-03-24,DKI4,,,,,,,0,,TIDAK ADA DATA
201003,2010-03-25,DKI4,,,,,,,0,,TIDAK ADA DATA
201003,2010-03-26,DKI4,,,,,,,0,,TIDAK ADA DATA
201003,2010-03-27,DKI4,,,,,,,0,,TIDAK ADA DATA
201003,2010-03-28,DKI4,,,,,,,0,,TIDAK ADA DATA
201003,2010-03-29,DKI4,,,,,,,0,,TIDAK ADA DATA
201003,2010-03-30,DKI4,,,,,,,0,,TIDAK ADA DATA
201003,2010-03-31,DKI4,,,,,,,0,,TIDAK ADA DATA
201003,2010-03-01,DKI5,,,,,,,0,,TIDAK ADA DATA
201003,2010-03-02,DKI5,,,,,,,0,,TIDAK ADA DATA
201003,2010-03-03,DKI5,,,,,,,0,,TIDAK ADA DATA
201003,2010-03-04,DKI5,,,,,,,0,,TIDAK ADA DATA
201003,2010-03-05,DKI5,,,,,,,0,,TIDAK ADA DATA
201003,2010-03-06,DKI5,,,,,,,0,,TIDAK ADA DATA
201003,2010-03-07,DKI5,,,,,,,0,,TIDAK ADA DATA
201003,2010-03-08,DKI5,,,,,,,0,,TIDAK ADA DATA
201003,2010-03-09,DKI5,,,,,,,0,,TIDAK ADA DATA
201003,2010-03-10,DKI5,,,,,,,0,,TIDAK ADA DATA
201003,2010-03-11,DKI5,,,,,,,0,,TIDAK ADA DATA
201003,2010-03-12,DKI5,,,,,,,0,,TIDAK ADA DATA
201003,2010-03-13,DKI5,,,,,,,0,,TIDAK ADA DATA
201003,2010-03-14,DKI5,,,,,,,0,,TIDAK ADA DATA
201003,2010-03-15,DKI5,,,,,,,0,,TIDAK ADA DATA
201003,2010-03-16,DKI5,,,,,,,0,,TIDAK ADA DATA
201003,2010-03-17,DKI5,,,,,,,0,,TIDAK ADA DATA
201003,2010-03-18,DKI5,,,,,,,0,,TIDAK ADA DATA
201003,2010-03-19,DKI5,,,,,,,0,,TIDAK ADA DATA
201003,2010-03-20,DKI5,,,,,,,0,,TIDAK ADA DATA
201003,2010-03-21,DKI5,,,,,,,0,,TIDAK ADA DATA
201003,2010-03-22,DKI5,,,,,,,0,,TIDAK ADA DATA
201003,2010-03-23,DKI5,,,,,,,0,,TIDAK ADA DATA
201003,2010-03-24,DKI5,,,,,,,0,,TIDAK ADA DATA
201003,2010-03-25,DKI5,,,,,,,0,,TIDAK ADA DATA
201003,2010-03-26,DKI5,,,,,,,0,,TIDAK ADA DATA
201003,2010-03-27,DKI5,,,,,,,0,,TIDAK ADA DATA
201003,2010-03-28,DKI5,,,,,,,0,,TIDAK ADA DATA
201003,2010-03-29,DKI5,,,,,,,0,,TIDAK ADA DATA
201003,2010-03-30,DKI5,,,,,,,0,,TIDAK ADA DATA
201003,2010-03-31,DKI5,,,,,,,0,,TIDAK ADA DATA
201004,2010-04-19,DKI2,,,,,,,0,,TIDAK ADA DATA
201004,2010-04-20,DKI2,,,,,,,0,,TIDAK ADA DATA
201004,2010-04-21,DKI2,,,,,,,0,,TIDAK ADA DATA
201004,2010-04-22,DKI2,,,,,,,0,,TIDAK ADA DATA
201004,2010-04-23,DKI2,,,,,,,0,,TIDAK ADA DATA
201004,2010-04-24,DKI2,,,,,,,0,,TIDAK ADA DATA
201004,2010-04-25,DKI2,,,,,,,0,,TIDAK ADA DATA
201004,2010-04-26,DKI2,,,,,,,0,,TIDAK ADA DATA
201004,2010-04-27,DKI2,,,,,,,0,,TIDAK ADA DATA
201004,2010-04-28,DKI2,,,,,,,0,,TIDAK ADA DATA
201004,2010-04-29,DKI2,,,,,,,0,,TIDAK ADA DATA
201004,2010-04-30,DKI2,,,,,,,0,,TIDAK ADA DATA
201004,2010-04-01,DKI3,,,,,,,0,,TIDAK ADA DATA
201004,2010-04-02,DKI3,,,,,,,0,,TIDAK ADA DATA
201004,2010-04-03,DKI3,,,,,,,0,,TIDAK ADA DATA
201004,2010-04-04,DKI3,,,,,,,0,,TIDAK ADA DATA
201004,2010-04-05,DKI3,,,,,,,0,,TIDAK ADA DATA
201004,2010-04-06,DKI3,,,,,,,0,,TIDAK ADA DATA
201004,2010-04-07,DKI3,,,,,,,0,,TIDAK ADA DATA
201004,2010-04-08,DKI3,,,,,,,0,,TIDAK ADA DATA
201004,2010-04-09,DKI3,,,,,,,0,,TIDAK ADA DATA
201004,2010-04-10,DKI3,,,,,,,0,,TIDAK ADA DATA
201004,2010-04-11,DKI3,,,,,,,0,,TIDAK ADA DATA
201004,2010-04-12,DKI3,,,,,,,0,,TIDAK ADA DATA
201004,2010-04-13,DKI3,,,,,,,0,,TIDAK ADA DATA
201004,2010-04-14,DKI3,,,,,,,0,,TIDAK ADA DATA
201004,2010-04-15,DKI3,,,,,,,0,,TIDAK ADA DATA
201004,2010-04-16,DKI3,,,,,,,0,,TIDAK ADA DATA
201004,2010-04-17,DKI3,,,,,,,0,,TIDAK ADA DATA
201004,2010-04-18,DKI3,,,,,,,0,,TIDAK ADA DATA
201004,2010-04-19,DKI3,,,,,,,0,,TIDAK ADA DATA
201004,2010-04-20,DKI3,,,,,,,0,,TIDAK ADA DATA
201004,2010-04-21,DKI3,,,,,,,0,,TIDAK ADA DATA
201004,2010-04-22,DKI3,,,,,,,0,,TIDAK ADA DATA
201004,2010-04-23,DKI3,,,,,,,0,,TIDAK ADA DATA
201004,2010-04-24,DKI3,,,,,,,0,,TIDAK ADA DATA
201004,2010-04-25,DKI3,,,,,,,0,,TIDAK ADA DATA
201004,2010-04-26,DKI3,,,,,,,0,,TIDAK ADA DATA
201004,2010-04-27,DKI3,,,,,,,0,,TIDAK ADA DATA
201004,2010-04-28,DKI3,,,,,,,0,,TIDAK ADA DATA
201004,2010-04-29,DKI3,,,,,,,0,,TIDAK ADA DATA
201004,2010-04-30,DKI3,,,,,,,0,,TIDAK ADA DATA
201004,2010-04-01,DKI4,,,,,,,0,,TIDAK ADA DATA
201004,2010-04-02,DKI4,,,,,,,0,,TIDAK ADA DATA
201004,2010-04-03,DKI4,,,,,,,0,,TIDAK ADA DATA
201004,2010-04-04,DKI4,,,,,,,0,,TIDAK ADA DATA
201004,2010-04-05,DKI4,,,,,,,0,,TIDAK ADA DATA
201004,2010-04-06,DKI4,,,,,,,0,,TIDAK ADA DATA
201004,2010-04-07,DKI4,,,,,,,0,,TIDAK ADA DATA
201004,2010-04-08,DKI4,,,,,,,0,,TIDAK ADA DATA
201004,2010-04-09,DKI4,,,,,,,0,,TIDAK ADA DATA
201004,2010-04-10,DKI4,,,,,,,0,,TIDAK ADA DATA
201004,2010-04-11,DKI4,,,,,,,0,,TIDAK ADA DATA
201004,2010-04-12,DKI4,,,,,,,0,,TIDAK ADA DATA
201004,2010-04-13,DKI4,,,,,,,0,,TIDAK ADA DATA
201004,2010-04-14,DKI4,,,,,,,0,,TIDAK ADA DATA
201004,2010-04-15,DKI4,,,,,,,0,,TIDAK ADA DATA
201004,2010-04-16,DKI4,,,,,,,0,,TIDAK ADA DATA
201004,2010-04-17,DKI4,,,,,,,0,,TIDAK ADA DATA
201004,2010-04-18,DKI4,,,,,,,0,,TIDAK ADA DATA
201004,2010-04-19,DKI4,,,,,,,0,,TIDAK ADA DATA
201004,2010-04-20,DKI4,,,,,,,0,,TIDAK ADA DATA
201004,2010-04-21,DKI4,,,,,,,0,,TIDAK ADA DATA
201004,2010-04-22,DKI4,,,,,,,0,,TIDAK ADA DATA
201004,2010-04-23,DKI4,,,,,,,0,,TIDAK ADA DATA
201004,2010-04-24,DKI4,,,,,,,0,,TIDAK ADA DATA
201006,2010-06-15,DKI2,,,,,,,0,,TIDAK ADA DATA
201006,2010-06-16,DKI2,,,,,,,0,,TIDAK ADA DATA
201006,2010-06-17,DKI2,,,,,,,0,,TIDAK ADA DATA
201006,2010-06-18,DKI2,,,,,,,0,,TIDAK ADA DATA
201006,2010-06-19,DKI2,,,,,,,0,,TIDAK ADA DATA
201006,2010-06-20,DKI2,,,,,,,0,,TIDAK ADA DATA
201006,2010-06-21,DKI2,,,,,,,0,,TIDAK ADA DATA
201006,2010-06-22,DKI2,,,,,,,0,,TIDAK ADA DATA
201006,2010-06-23,DKI2,,,,,,,0,,TIDAK ADA DATA
201006,2010-06-24,DKI2,,,,,,,0,,TIDAK ADA DATA
201006,2010-06-25,DKI2,,,,,,,0,,TIDAK ADA DATA
201006,2010-06-26,DKI2,,,,,,,0,,TIDAK ADA DATA
201006,2010-06-27,DKI2,,,,,,,0,,TIDAK ADA DATA
201006,2010-06-28,DKI2,,,,,,,0,,TIDAK ADA DATA
201006,2010-06-29,DKI2,,,,,,,0,,TIDAK ADA DATA
201006,2010-06-30,DKI2,,,,,,,0,,TIDAK ADA DATA
201006,2010-06-01,DKI3,,,,,,,0,,TIDAK ADA DATA
201006,2010-06-02,DKI3,,,,,,,0,,TIDAK ADA DATA
201006,2010-06-03,DKI3,,,,,,,0,,TIDAK ADA DATA
201006,2010-06-04,DKI3,,,,,,,0,,TIDAK ADA DATA
201006,2010-06-05,DKI3,,,,,,,0,,TIDAK ADA DATA
201006,2010-06-06,DKI3,,,,,,,0,,TIDAK ADA DATA
201006,2010-06-07,DKI3,,,,,,,0,,TIDAK ADA DATA
201006,2010-06-08,DKI3,,,,,,,0,,TIDAK ADA DATA
201006,2010-06-09,DKI3,,,,,,,0,,TIDAK ADA DATA
201006,2010-06-10,DKI3,,,,,,,0,,TIDAK ADA DATA
201006,2010-06-11,DKI3,,,,,,,0,,TIDAK ADA DATA
201006,2010-06-12,DKI3,,,,,,,0,,TIDAK ADA DATA
201006,2010-06-13,DKI3,,,,,,,0,,TIDAK ADA DATA
201006,2010-06-14,DKI3,,,,,,,0,,TIDAK ADA DATA
201006,2010-06-15,DKI3,,,,,,,0,,TIDAK ADA DATA
201006,2010-06-16,DKI3,,,,,,,0,,TIDAK ADA DATA
201006,2010-06-17,DKI3,,,,,,,0,,TIDAK ADA DATA
201006,2010-06-18,DKI3,,,,,,,0,,TIDAK ADA DATA
201006,2010-06-19,DKI3,,,,,,,0,,TIDAK ADA DATA
201006,2010-06-20,DKI3,,,,,,,0,,TIDAK ADA DATA
201006,2010-06-21,DKI3,,,,,,,0,,TIDAK ADA DATA
201006,2010-06-22,DKI3,,,,,,,0,,TIDAK ADA DATA
201006,2010-06-23,DKI3,,,,,,,0,,TIDAK ADA DATA
201006,2010-06-24,DKI3,,,,,,,0,,TIDAK ADA DATA
201006,2010-06-25,DKI3,,,,,,,0,,TIDAK ADA DATA
201006,2010-06-26,DKI3,,,,,,,0,,TIDAK ADA DATA
201006,2010-06-27,DKI3,,,,,,,0,,TIDAK ADA DATA
201006,2010-06-28,DKI3,,,,,,,0,,TIDAK ADA DATA
201006,2010-06-29,DKI3,,,,,,,0,,TIDAK ADA DATA
201006,2010-06-30,DKI3,,,,,,,0,,TIDAK ADA DATA
201006,2010-06-01,DKI4,,,,,,,0,,TIDAK ADA DATA
201006,2010-06-02,DKI4,,,,,,,0,,TIDAK ADA DATA
201006,2010-06-03,DKI4,,,,,,,0,,TIDAK ADA DATA
201006,2010-06-04,DKI4,,,,,,,0,,TIDAK ADA DATA
201006,2010-06-05,DKI4,,,,,,,0,,TIDAK ADA DATA
201006,2010-06-06,DKI4,,,,,,,0,,TIDAK ADA DATA
201006,2010-06-07,DKI4,,,,,,,0,,TIDAK ADA DATA
201006,2010-06-08,DKI4,,,,,,,0,,TIDAK ADA DATA
201006,2010-06-09,DKI4,,,,,,,0,,TIDAK ADA DATA
201006,2010-06-10,DKI4,,,,,,,0,,TIDAK ADA DATA
201006,2010-06-11,DKI4,,,,,,,0,,TIDAK ADA DATA
201006,2010-06-12,DKI4,,,,,,,0,,TIDAK ADA DATA
201006,2010-06-13,DKI4,,,,,,,0,,TIDAK ADA DATA
201006,2010-06-14,DKI4,,,,,,,0,,TIDAK ADA DATA
201006,2010-06-15,DKI4,,,,,,,0,,TIDAK ADA DATA
201006,2010-06-16,DKI4,,,,,,,0,,TIDAK ADA DATA
201006,2010-06-17,DKI4,,,,,,,0,,TIDAK ADA DATA
201006,2010-06-18,DKI4,,,,,,,0,,TIDAK ADA DATA
201006,2010-06-19,DKI4,,,,,,,0,,TIDAK ADA DATA
201006,2010-06-20,DKI4,,,,,,,0,,TIDAK ADA DATA
201006,2010-06-21,DKI4,,,,,,,0,,TIDAK ADA DATA
201006,2010-06-22,DKI4,,,,,,,0,,TIDAK ADA DATA
201006,2010-06-23,DKI4,,,,,,,0,,TIDAK ADA DATA
201006,2010-06-24,DKI4,,,,,,,0,,TIDAK ADA DATA
201006,2010-06-25,DKI4,,,,,,,0,,TIDAK ADA DATA
201006,2010-06-26,DKI4,,,,,,,0,,TIDAK ADA DATA
201006,2010-06-27,DKI4,,,,,,,0,,TIDAK ADA DATA
201006,2010-06-28,DKI4,,,,,,,0,,TIDAK ADA DATA
201006,2010-06-29,DKI4,,,,,,,0,,TIDAK ADA DATA
201006,2010-06-30,DKI4,,,,,,,0,,TIDAK ADA DATA
201006,2010-06-01,DKI5,,,,,,,0,,TIDAK ADA DATA
201006,2010-06-02,DKI5,,,,,,,0,,TIDAK ADA DATA
201006,2010-06-03,DKI5,,,,,,,0,,TIDAK ADA DATA
201006,2010-06-04,DKI5,,,,,,,0,,TIDAK ADA DATA
201006,2010-06-05,DKI5,,,,,,,0,,TIDAK ADA DATA
201006,2010-06-06,DKI5,,,,,,,0,,TIDAK ADA DATA
201006,2010-06-07,DKI5,,,,,,,0,,TIDAK ADA DATA
201006,2010-06-08,DKI5,,,,,,,0,,TIDAK ADA DATA
201006,2010-06-09,DKI5,,,,,,,0,,TIDAK ADA DATA
201006,2010-06-10,DKI5,,,,,,,0,,TIDAK ADA DATA
201006,2010-06-11,DKI5,,,,,,,0,,TIDAK ADA DATA
201006,2010-06-12,DKI5,,,,,,,0,,TIDAK ADA DATA
201006,2010-06-13,DKI5,,,,,,,0,,TIDAK ADA DATA
201006,2010-06-14,DKI5,,,,,,,0,,TIDAK ADA DATA
201006,2010-06-15,DKI5,,,,,,,0,,TIDAK ADA DATA
201006,2010-06-16,DKI5,,,,,,,0,,TIDAK ADA DATA
201006,2010-06-17,DKI5,,,,,,,0,,TIDAK ADA DATA
201006,2010-06-18,DKI5,,,,,,,0,,TIDAK ADA DATA
201006,2010-06-19,DKI5,,,,,,,0,,TIDAK ADA DATA
201006,2010-06-20,DKI5,,,,,,,0,,TIDAK ADA DATA
201006,2010-06-21,DKI5,,,,,,,0,,TIDAK ADA DATA
201006,2010-06-22,DKI5,,,,,,,0,,TIDAK ADA DATA
201006,2010-06-23,DKI5,,,,,,,0,,TIDAK ADA DATA
201006,2010-06-24,DKI5,,,,,,,0,,TIDAK ADA DATA
201006,2010-06-25,DKI5,,,,,,,0,,TIDAK ADA DATA
201006,2010-06-26,DKI5,,,,,,,0,,TIDAK ADA DATA
201006,2010-06-27,DKI5,,,,,,,0,,TIDAK ADA DATA
201006,2010-06-28,DKI5,,,,,,,0,,TIDAK ADA DATA
201006,2010-06-29,DKI5,,,,,,,0,,TIDAK ADA DATA
201006,2010-06-30,DKI5,,,,,,,0,,TIDAK ADA DATA
201007,2010-07-01,DKI1,55.0,,21.0,25.0,27.0,12.0,55,PM10,SEDANG
201007,2010-07-02,DKI1,62.0,,22.0,37.0,66.0,19.0,66,O3,SEDANG
201007,2010-07-03,DKI1,64.0,,15.0,34.0,76.0,20.0,76,O3,SEDANG
201007,2010-07-04,DKI1,56.0,,13.0,46.0,51.0,23.0,56,PM10,SEDANG
201007,2010-07-05,DKI1,54.0,,21.0,30.0,36.0,14.0,54,PM10,SEDANG
201007,2010-07-06,DKI1,55.0,,20.0,34.0,35.0,19.0,55,PM10,SEDANG
201007,2010-07-07,DKI1,63.0,,19.0,37.0,37.0,20.0,63,PM10,SEDANG
201007,2010-07-08,DKI1,74.0,,18.0,71.0,43.0,22.0,74,PM10,SEDANG
201007,2010-07-09,DKI1,51.0,,16.0,34.0,39.0,20.0,51,PM10,SEDANG
201007,2010-07-10,DKI1,55.0,,16.0,44.0,34.0,20.0,55,PM10,SEDANG
201007,2010-07-11,DKI1,58.0,,17.0,43.0,33.0,18.0,58,PM10,SEDANG
201007,2010-07-12,DKI1,61.0,,16.0,43.0,64.0,29.0,64,O3,SEDANG
201007,2010-07-13,DKI1,66.0,,15.0,36.0,33.0,21.0,66,PM10,SEDANG
201007,2010-07-14,DKI1,61.0,,18.0,37.0,30.0,21.0,61,PM10,SEDANG
201007,2010-07-15,DKI1,63.0,,17.0,31.0,31.0,15.0,63,PM10,SEDANG
201007,2010-07-16,DKI1,63.0,,17.0,39.0,31.0,21.0,63,PM10,SEDANG
201007,2010-07-17,DKI1,81.0,,20.0,41.0,43.0,23.0,81,PM10,SEDANG
201007,2010-07-18,DKI1,61.0,,16.0,33.0,45.0,23.0,61,PM10,SEDANG
201007,2010-07-19,DKI1,53.0,,14.0,35.0,37.0,21.0,53,PM10,SEDANG
201007,2010-07-20,DKI1,52.0,,17.0,40.0,54.0,27.0,54,O3,SEDANG
201007,2010-07-21,DKI1,60.0,,17.0,41.0,39.0,22.0,60,PM10,SEDANG
201007,2010-07-22,DKI1,62.0,,18.0,39.0,60.0,22.0,62,PM10,SEDANG
201007,2010-07-23,DKI1,65.0,,25.0,36.0,46.0,20.0,65,PM10,SEDANG
201007,2010-07-24,DKI1,55.0,,17.0,30.0,45.0,17.0,55,PM10,SEDANG
201007,2010-07-25,DKI1,60.0,,16.0,27.0,65.0,17.0,65,O3,SEDANG
201007,2010-07-26,DKI1,62.0,,17.0,31.0,40.0,16.0,62,PM10,SEDANG
201007,2010-07-27,DKI1,49.0,,13.0,31.0,29.0,11.0,49,PM10,BAIK
201007,2010-07-28,DKI1,57.0,,22.0,44.0,59.0,24.0,59,O3,SEDANG
201007,2010-07-29,DKI1,63.0,,14.0,40.0,38.0,20.0,63,PM10,SEDANG
201007,2010-07-30,DKI1,48.0,,15.0,31.0,22.0,10.0,48,PM10,BAIK
201007,2010-07-31,DKI1,50.0,,16.0,21.0,25.0,10.0,50,PM10,BAIK
201007,2010-07-01,DKI2,,,,,,,0,,TIDAK ADA DATA
201007,2010-07-02,DKI2,,,,,,,0,,TIDAK ADA DATA
201007,2010-07-03,DKI2,,,,,,,0,,TIDAK ADA DATA
201007,2010-07-04,DKI2,,,,,,,0,,TIDAK ADA DATA
201005,2010-05-12,DKI1,61.0,,12.0,50.0,32.0,19.0,61,PM10,SEDANG
201005,2010-05-13,DKI1,52.0,,15.0,40.0,65.0,21.0,65,O3,SEDANG
201005,2010-05-14,DKI1,59.0,,12.0,46.0,69.0,26.0,69,O3,SEDANG
201005,2010-05-15,DKI1,52.0,,14.0,45.0,92.0,26.0,92,O3,SEDANG
201005,2010-05-16,DKI1,56.0,,12.0,29.0,65.0,15.0,65,O3,SEDANG
201005,2010-05-17,DKI1,55.0,,15.0,55.0,32.0,16.0,55,PM10,SEDANG
201005,2010-05-18,DKI1,57.0,,17.0,45.0,50.0,25.0,57,PM10,SEDANG
201005,2010-05-19,DKI1,69.0,,14.0,39.0,79.0,18.0,79,O3,SEDANG
201005,2010-05-20,DKI1,58.0,,14.0,38.0,57.0,21.0,58,PM10,SEDANG
201005,2010-05-21,DKI1,53.0,,14.0,37.0,60.0,18.0,60,O3,SEDANG
201005,2010-05-22,DKI1,63.0,,16.0,50.0,54.0,21.0,63,PM10,SEDANG
201005,2010-05-23,DKI1,57.0,,14.0,28.0,50.0,23.0,57,PM10,SEDANG
201005,2010-05-24,DKI1,54.0,,15.0,37.0,42.0,21.0,54,PM10,SEDANG
201005,2010-05-25,DKI1,56.0,,18.0,34.0,43.0,18.0,56,PM10,SEDANG
201005,2010-05-26,DKI1,55.0,,15.0,41.0,123.0,34.0,123,O3,TIDAK SEHAT
201005,2010-05-27,DKI1,58.0,,17.0,50.0,113.0,29.0,113,O3,TIDAK SEHAT
201005,2010-05-28,DKI1,68.0,,21.0,49.0,24.0,25.0,68,PM10,SEDANG
201005,2010-05-29,DKI1,54.0,,16.0,30.0,28.0,14.0,54,PM10,SEDANG
201005,2010-05-30,DKI1,59.0,,14.0,41.0,64.0,16.0,64,O3,SEDANG
201005,2010-05-31,DKI1,56.0,,16.0,33.0,25.0,15.0,56,PM10,SEDANG
201005,2010-05-01,DKI2,,,,,,,0,,TIDAK ADA DATA
201005,2010-05-02,DKI2,,,,,,,0,,TIDAK ADA DATA
201005,2010-05-03,DKI2,,,,,,,0,,TIDAK ADA DATA
201005,2010-05-04,DKI2,,,,,,,0,,TIDAK ADA DATA
201005,2010-05-05,DKI2,,,,,,,0,,TIDAK ADA DATA
201005,2010-05-06,DKI2,,,,,,,0,,TIDAK ADA DATA
201005,2010-05-07,DKI2,,,,,,,0,,TIDAK ADA DATA
201005,2010-05-08,DKI2,,,,,,,0,,TIDAK ADA DATA
201005,2010-05-09,DKI2,,,,,,,0,,TIDAK ADA DATA
201005,2010-05-10,DKI2,,,,,,,0,,TIDAK ADA DATA
201005,2010-05-11,DKI2,,,,,,,0,,TIDAK ADA DATA
201005,2010-05-12,DKI2,,,,,,,0,,TIDAK ADA DATA
201005,2010-05-13,DKI2,,,,,,,0,,TIDAK ADA DATA
201005,2010-05-14,DKI2,,,,,,,0,,TIDAK ADA DATA
201005,2010-05-15,DKI2,,,,,,,0,,TIDAK ADA DATA
201005,2010-05-16,DKI2,,,,,,,0,,TIDAK ADA DATA
201005,2010-05-17,DKI2,,,,,,,0,,TIDAK ADA DATA
201005,2010-05-18,DKI2,,,,,,,0,,TIDAK ADA DATA
201005,2010-05-19,DKI2,,,,,,,0,,TIDAK ADA DATA
201005,2010-05-20,DKI2,,,,,,,0,,TIDAK ADA DATA
201005,2010-05-21,DKI2,,,,,,,0,,TIDAK ADA DATA
201005,2010-05-22,DKI2,,,,,,,0,,TIDAK ADA DATA
201005,2010-05-23,DKI2,,,,,,,0,,TIDAK ADA DATA
201005,2010-05-24,DKI2,,,,,,,0,,TIDAK ADA DATA
201005,2010-05-25,DKI2,,,,,,,0,,TIDAK ADA DATA
201005,2010-05-26,DKI2,,,,,,,0,,TIDAK ADA DATA
201005,2010-05-27,DKI2,,,,,,,0,,TIDAK ADA DATA
201005,2010-05-28,DKI2,,,,,,,0,,TIDAK ADA DATA
201005,2010-05-29,DKI2,,,,,,,0,,TIDAK ADA DATA
201005,2010-05-30,DKI2,,,,,,,0,,TIDAK ADA DATA
201005,2010-05-31,DKI2,,,,,,,0,,TIDAK ADA DATA
201005,2010-05-01,DKI3,,,,,,,0,,TIDAK ADA DATA
201005,2010-05-02,DKI3,,,,,,,0,,TIDAK ADA DATA
201005,2010-05-03,DKI3,,,,,,,0,,TIDAK ADA DATA
201005,2010-05-04,DKI3,,,,,,,0,,TIDAK ADA DATA
201005,2010-05-05,DKI3,,,,,,,0,,TIDAK ADA DATA
201005,2010-05-06,DKI3,,,,,,,0,,TIDAK ADA DATA
201005,2010-05-07,DKI3,,,,,,,0,,TIDAK ADA DATA
201005,2010-05-08,DKI3,,,,,,,0,,TIDAK ADA DATA
201005,2010-05-09,DKI3,,,,,,,0,,TIDAK ADA DATA
201005,2010-05-10,DKI3,,,,,,,0,,TIDAK ADA DATA
201005,2010-05-11,DKI3,,,,,,,0,,TIDAK ADA DATA
201005,2010-05-12,DKI3,,,,,,,0,,TIDAK ADA DATA
201005,2010-05-13,DKI3,,,,,,,0,,TIDAK ADA DATA
201005,2010-05-14,DKI3,,,,,,,0,,TIDAK ADA DATA
201005,2010-05-15,DKI3,,,,,,,0,,TIDAK ADA DATA
201005,2010-05-16,DKI3,,,,,,,0,,TIDAK ADA DATA
201005,2010-05-17,DKI3,,,,,,,0,,TIDAK ADA DATA
201005,2010-05-18,DKI3,,,,,,,0,,TIDAK ADA DATA
201005,2010-05-19,DKI3,,,,,,,0,,TIDAK ADA DATA
201005,2010-05-20,DKI3,,,,,,,0,,TIDAK ADA DATA
201005,2010-05-21,DKI3,,,,,,,0,,TIDAK ADA DATA
201005,2010-05-22,DKI3,,,,,,,0,,TIDAK ADA DATA
201005,2010-05-23,DKI3,,,,,,,0,,TIDAK ADA DATA
201005,2010-05-24,DKI3,,,,,,,0,,TIDAK ADA DATA
201005,2010-05-25,DKI3,,,,,,,0,,TIDAK ADA DATA
201005,2010-05-26,DKI3,,,,,,,0,,TIDAK ADA DATA
201005,2010-05-27,DKI3,,,,,,,0,,TIDAK ADA DATA
201005,2010-05-28,DKI3,,,,,,,0,,TIDAK ADA DATA
201005,2010-05-29,DKI3,,,,,,,0,,TIDAK ADA DATA
201005,2010-05-30,DKI3,,,,,,,0,,TIDAK ADA DATA
201005,2010-05-31,DKI3,,,,,,,0,,TIDAK ADA DATA
201005,2010-05-01,DKI4,,,,,,,0,,TIDAK ADA DATA
201005,2010-05-02,DKI4,,,,,,,0,,TIDAK ADA DATA
201005,2010-05-03,DKI4,,,,,,,0,,TIDAK ADA DATA
201005,2010-05-04,DKI4,,,,,,,0,,TIDAK ADA DATA
201005,2010-05-05,DKI4,,,,,,,0,,TIDAK ADA DATA
201005,2010-05-06,DKI4,,,,,,,0,,TIDAK ADA DATA
201005,2010-05-07,DKI4,,,,,,,0,,TIDAK ADA DATA
201005,2010-05-08,DKI4,,,,,,,0,,TIDAK ADA DATA
201005,2010-05-09,DKI4,,,,,,,0,,TIDAK ADA DATA
201005,2010-05-10,DKI4,,,,,,,0,,TIDAK ADA DATA
201005,2010-05-11,DKI4,,,,,,,0,,TIDAK ADA DATA
201005,2010-05-12,DKI4,,,,,,,0,,TIDAK ADA DATA
201005,2010-05-13,DKI4,,,,,,,0,,TIDAK ADA DATA
201005,2010-05-14,DKI4,,,,,,,0,,TIDAK ADA DATA
201005,2010-05-15,DKI4,,,,,,,0,,TIDAK ADA DATA
201005,2010-05-16,DKI4,,,,,,,0,,TIDAK ADA DATA
201005,2010-05-17,DKI4,,,,,,,0,,TIDAK ADA DATA
201005,2010-05-18,DKI4,,,,,,,0,,TIDAK ADA DATA
201005,2010-05-19,DKI4,,,,,,,0,,TIDAK ADA DATA
201005,2010-05-20,DKI4,,,,,,,0,,TIDAK ADA DATA
201005,2010-05-21,DKI4,,,,,,,0,,TIDAK ADA DATA
201005,2010-05-22,DKI4,,,,,,,0,,TIDAK ADA DATA
201005,2010-05-23,DKI4,,,,,,,0,,TIDAK ADA DATA
201005,2010-05-24,DKI4,,,,,,,0,,TIDAK ADA DATA
201005,2010-05-25,DKI4,,,,,,,0,,TIDAK ADA DATA
201005,2010-05-26,DKI4,,,,,,,0,,TIDAK ADA DATA
201005,2010-05-27,DKI4,,,,,,,0,,TIDAK ADA DATA
201005,2010-05-28,DKI4,,,,,,,0,,TIDAK ADA DATA
201005,2010-05-29,DKI4,,,,,,,0,,TIDAK ADA DATA
201005,2010-05-30,DKI4,,,,,,,0,,TIDAK ADA DATA
201005,2010-05-31,DKI4,,,,,,,0,,TIDAK ADA DATA
201005,2010-05-01,DKI5,,,,,,,0,,TIDAK ADA DATA
201005,2010-05-02,DKI5,,,,,,,0,,TIDAK ADA DATA
201005,2010-05-03,DKI5,,,,,,,0,,TIDAK ADA DATA
201005,2010-05-04,DKI5,,,,,,,0,,TIDAK ADA DATA
201005,2010-05-05,DKI5,,,,,,,0,,TIDAK ADA DATA
201005,2010-05-06,DKI5,,,,,,,0,,TIDAK ADA DATA
201005,2010-05-07,DKI5,,,,,,,0,,TIDAK ADA DATA
201005,2010-05-08,DKI5,,,,,,,0,,TIDAK ADA DATA
201005,2010-05-09,DKI5,,,,,,,0,,TIDAK ADA DATA
201005,2010-05-10,DKI5,,,,,,,0,,TIDAK ADA DATA
201005,2010-05-11,DKI5,,,,,,,0,,TIDAK ADA DATA
201005,2010-05-12,DKI5,,,,,,,0,,TIDAK ADA DATA
201005,2010-05-13,DKI5,,,,,,,0,,TIDAK ADA DATA
201005,2010-05-14,DKI5,,,,,,,0,,TIDAK ADA DATA
201005,2010-05-15,DKI5,,,,,,,0,,TIDAK ADA DATA
201005,2010-05-16,DKI5,,,,,,,0,,TIDAK ADA DATA
201005,2010-05-17,DKI5,,,,,,,0,,TIDAK ADA DATA
201005,2010-05-18,DKI5,,,,,,,0,,TIDAK ADA DATA
201005,2010-05-19,DKI5,,,,,,,0,,TIDAK ADA DATA
201005,2010-05-20,DKI5,,,,,,,0,,TIDAK ADA DATA
201005,2010-05-21,DKI5,,,,,,,0,,TIDAK ADA DATA
201005,2010-05-22,DKI5,,,,,,,0,,TIDAK ADA DATA
201005,2010-05-23,DKI5,,,,,,,0,,TIDAK ADA DATA
201005,2010-05-24,DKI5,,,,,,,0,,TIDAK ADA DATA
201005,2010-05-25,DKI5,,,,,,,0,,TIDAK ADA DATA
201005,2010-05-26,DKI5,,,,,,,0,,TIDAK ADA DATA
201005,2010-05-27,DKI5,,,,,,,0,,TIDAK ADA DATA
201005,2010-05-28,DKI5,,,,,,,0,,TIDAK ADA DATA
201005,2010-05-29,DKI5,,,,,,,0,,TIDAK ADA DATA
201005,2010-05-30,DKI5,,,,,,,0,,TIDAK ADA DATA
201005,2010-05-31,DKI5,,,,,,,0,,TIDAK ADA DATA
201006,2010-06-01,DKI1,55.0,,20.0,35.0,31.0,20.0,55,PM10,SEDANG
201006,2010-06-02,DKI1,58.0,,14.0,42.0,93.0,26.0,93,O3,SEDANG
201006,2010-06-03,DKI1,72.0,,19.0,38.0,55.0,22.0,72,PM10,SEDANG
201006,2010-06-04,DKI1,59.0,,18.0,36.0,30.0,19.0,59,PM10,SEDANG
201006,2010-06-05,DKI1,57.0,,15.0,39.0,87.0,21.0,87,O3,SEDANG
201006,2010-06-06,DKI1,59.0,,18.0,47.0,42.0,25.0,59,PM10,SEDANG
201006,2010-06-07,DKI1,70.0,,16.0,39.0,52.0,21.0,70,PM10,SEDANG
201006,2010-06-08,DKI1,77.0,,19.0,95.0,18.0,30.0,95,CO,SEDANG
201006,2010-06-09,DKI1,54.0,,20.0,36.0,45.0,25.0,54,PM10,SEDANG
201006,2010-06-10,DKI1,79.0,,23.0,46.0,34.0,24.0,79,PM10,SEDANG
201006,2010-06-11,DKI1,60.0,,21.0,33.0,27.0,14.0,60,PM10,SEDANG
201006,2010-06-12,DKI1,64.0,,20.0,39.0,23.0,13.0,64,PM10,SEDANG
201006,2010-06-13,DKI1,59.0,,15.0,64.0,29.0,15.0,64,CO,SEDANG
201006,2010-06-14,DKI1,55.0,,22.0,31.0,29.0,14.0,55,PM10,SEDANG
201006,2010-06-15,DKI1,57.0,,20.0,34.0,31.0,20.0,57,PM10,SEDANG
201006,2010-06-16,DKI1,55.0,,17.0,71.0,27.0,38.0,71,CO,SEDANG
201006,2010-06-17,DKI1,75.0,,21.0,71.0,30.0,29.0,75,PM10,SEDANG
201006,2010-06-18,DKI1,74.0,,21.0,50.0,74.0,29.0,74,PM10,SEDANG
201006,2010-06-19,DKI1,59.0,,14.0,37.0,71.0,26.0,71,O3,SEDANG
201006,2010-06-20,DKI1,49.0,,15.0,23.0,28.0,9.0,49,PM10,BAIK
201006,2010-06-21,DKI1,51.0,,18.0,31.0,28.0,13.0,51,PM10,SEDANG
201006,2010-06-22,DKI1,58.0,,17.0,36.0,41.0,21.0,58,PM10,SEDANG
201006,2010-06-23,DKI1,64.0,,17.0,32.0,41.0,23.0,64,PM10,SEDANG
201006,2010-06-24,DKI1,,,,30.0,,,30,CO,BAIK
201006,2010-06-25,DKI1,,,,,,,0,,TIDAK ADA DATA
201006,2010-06-26,DKI1,56.0,,19.0,30.0,44.0,22.0,56,PM10,SEDANG
201006,2010-06-27,DKI1,69.0,,18.0,46.0,55.0,25.0,69,PM10,SEDANG
201006,2010-06-28,DKI1,60.0,,15.0,40.0,36.0,19.0,60,PM10,SEDANG
201006,2010-06-29,DKI1,65.0,,17.0,34.0,33.0,14.0,65,PM10,SEDANG
201006,2010-06-30,DKI1,50.0,,17.0,29.0,22.0,12.0,50,PM10,BAIK
201006,2010-06-01,DKI2,,,,,,,0,,TIDAK ADA DATA
201006,2010-06-02,DKI2,,,,,,,0,,TIDAK ADA DATA
201006,2010-06-03,DKI2,,,,,,,0,,TIDAK ADA DATA
201006,2010-06-04,DKI2,,,,,,,0,,TIDAK ADA DATA
201006,2010-06-05,DKI2,,,,,,,0,,TIDAK ADA DATA
201006,2010-06-06,DKI2,,,,,,,0,,TIDAK ADA DATA
201006,2010-06-07,DKI2,,,,,,,0,,TIDAK ADA DATA
201006,2010-06-08,DKI2,,,,,,,0,,TIDAK ADA DATA
201006,2010-06-09,DKI2,,,,,,,0,,TIDAK ADA DATA
201006,2010-06-10,DKI2,,,,,,,0,,TIDAK ADA DATA
201006,2010-06-11,DKI2,,,,,,,0,,TIDAK ADA DATA
201006,2010-06-12,DKI2,,,,,,,0,,TIDAK ADA DATA
201006,2010-06-13,DKI2,,,,,,,0,,TIDAK ADA DATA
201006,2010-06-14,DKI2,,,,,,,0,,TIDAK ADA DATA
201008,2010-08-06,DKI3,,,,,,,0,,TIDAK ADA DATA
201008,2010-08-07,DKI3,,,,,,,0,,TIDAK ADA DATA
201008,2010-08-08,DKI3,,,,,,,0,,TIDAK ADA DATA
201008,2010-08-09,DKI3,,,,,,,0,,TIDAK ADA DATA
201008,2010-08-10,DKI3,,,,,,,0,,TIDAK ADA DATA
201008,2010-08-11,DKI3,,,,,,,0,,TIDAK ADA DATA
201008,2010-08-12,DKI3,,,,,,,0,,TIDAK ADA DATA
201008,2010-08-13,DKI3,,,,,,,0,,TIDAK ADA DATA
201008,2010-08-14,DKI3,,,,,,,0,,TIDAK ADA DATA
201008,2010-08-15,DKI3,,,,,,,0,,TIDAK ADA DATA
201008,2010-08-16,DKI3,,,,,,,0,,TIDAK ADA DATA
201008,2010-08-17,DKI3,,,,,,,0,,TIDAK ADA DATA
201008,2010-08-18,DKI3,,,,,,,0,,TIDAK ADA DATA
201008,2010-08-19,DKI3,,,,,,,0,,TIDAK ADA DATA
201008,2010-08-20,DKI3,,,,,,,0,,TIDAK ADA DATA
201008,2010-08-21,DKI3,,,,,,,0,,TIDAK ADA DATA
201008,2010-08-22,DKI3,,,,,,,0,,TIDAK ADA DATA
201008,2010-08-23,DKI3,,,,,,,0,,TIDAK ADA DATA
201008,2010-08-24,DKI3,,,,,,,0,,TIDAK ADA DATA
201008,2010-08-25,DKI3,,,,,,,0,,TIDAK ADA DATA
201008,2010-08-26,DKI3,,,,,,,0,,TIDAK ADA DATA
201008,2010-08-27,DKI3,,,,,,,0,,TIDAK ADA DATA
201008,2010-08-28,DKI3,,,,,,,0,,TIDAK ADA DATA
201008,2010-08-29,DKI3,,,,,,,0,,TIDAK ADA DATA
201008,2010-08-30,DKI3,,,,,,,0,,TIDAK ADA DATA
201008,2010-08-31,DKI3,,,,,,,0,,TIDAK ADA DATA
201008,2010-08-01,DKI4,,,,,,,0,,TIDAK ADA DATA
201008,2010-08-02,DKI4,,,,,,,0,,TIDAK ADA DATA
201008,2010-08-03,DKI4,,,,,,,0,,TIDAK ADA DATA
201008,2010-08-04,DKI4,,,,,,,0,,TIDAK ADA DATA
201008,2010-08-05,DKI4,,,,,,,0,,TIDAK ADA DATA
201008,2010-08-06,DKI4,,,,,,,0,,TIDAK ADA DATA
201008,2010-08-07,DKI4,,,,,,,0,,TIDAK ADA DATA
201008,2010-08-08,DKI4,,,,,,,0,,TIDAK ADA DATA
201008,2010-08-09,DKI4,,,,,,,0,,TIDAK ADA DATA
201008,2010-08-10,DKI4,,,,,,,0,,TIDAK ADA DATA
201008,2010-08-11,DKI4,,,,,,,0,,TIDAK ADA DATA
201008,2010-08-12,DKI4,,,,,,,0,,TIDAK ADA DATA
201008,2010-08-13,DKI4,,,,,,,0,,TIDAK ADA DATA
201008,2010-08-14,DKI4,,,,,,,0,,TIDAK ADA DATA
201008,2010-08-15,DKI4,,,,,,,0,,TIDAK ADA DATA
201008,2010-08-16,DKI4,,,,,,,0,,TIDAK ADA DATA
201008,2010-08-17,DKI4,,,,,,,0,,TIDAK ADA DATA
201008,2010-08-18,DKI4,,,,,,,0,,TIDAK ADA DATA
201008,2010-08-19,DKI4,,,,,,,0,,TIDAK ADA DATA
201008,2010-08-20,DKI4,,,,,,,0,,TIDAK ADA DATA
201008,2010-08-21,DKI4,,,,,,,0,,TIDAK ADA DATA
201008,2010-08-22,DKI4,,,,,,,0,,TIDAK ADA DATA
201008,2010-08-23,DKI4,,,,,,,0,,TIDAK ADA DATA
201008,2010-08-24,DKI4,,,,,,,0,,TIDAK ADA DATA
201008,2010-08-25,DKI4,,,,,,,0,,TIDAK ADA DATA
201008,2010-08-26,DKI4,,,,,,,0,,TIDAK ADA DATA
201008,2010-08-27,DKI4,,,,,,,0,,TIDAK ADA DATA
201008,2010-08-28,DKI4,,,,,,,0,,TIDAK ADA DATA
201008,2010-08-29,DKI4,,,,,,,0,,TIDAK ADA DATA
201008,2010-08-30,DKI4,,,,,,,0,,TIDAK ADA DATA
201008,2010-08-31,DKI4,,,,,,,0,,TIDAK ADA DATA
201008,2010-08-01,DKI5,,,,,,,0,,TIDAK ADA DATA
201008,2010-08-02,DKI5,,,,,,,0,,TIDAK ADA DATA
201008,2010-08-03,DKI5,,,,,,,0,,TIDAK ADA DATA
201008,2010-08-04,DKI5,,,,,,,0,,TIDAK ADA DATA
201008,2010-08-05,DKI5,,,,,,,0,,TIDAK ADA DATA
201008,2010-08-06,DKI5,,,,,,,0,,TIDAK ADA DATA
201008,2010-08-07,DKI5,,,,,,,0,,TIDAK ADA DATA
201008,2010-08-08,DKI5,,,,,,,0,,TIDAK ADA DATA
201008,2010-08-09,DKI5,,,,,,,0,,TIDAK ADA DATA
201008,2010-08-10,DKI5,,,,,,,0,,TIDAK ADA DATA
201008,2010-08-11,DKI5,,,,,,,0,,TIDAK ADA DATA
201008,2010-08-12,DKI5,,,,,,,0,,TIDAK ADA DATA
201008,2010-08-13,DKI5,,,,,,,0,,TIDAK ADA DATA
201008,2010-08-14,DKI5,,,,,,,0,,TIDAK ADA DATA
201008,2010-08-15,DKI5,,,,,,,0,,TIDAK ADA DATA
201008,2010-08-16,DKI5,,,,,,,0,,TIDAK ADA DATA
201008,2010-08-17,DKI5,,,,,,,0,,TIDAK ADA DATA
201008,2010-08-18,DKI5,,,,,,,0,,TIDAK ADA DATA
201008,2010-08-19,DKI5,,,,,,,0,,TIDAK ADA DATA
201008,2010-08-20,DKI5,,,,,,,0,,TIDAK ADA DATA
201008,2010-08-21,DKI5,,,,,,,0,,TIDAK ADA DATA
201008,2010-08-22,DKI5,,,,,,,0,,TIDAK ADA DATA
201008,2010-08-23,DKI5,,,,,,,0,,TIDAK ADA DATA
201008,2010-08-24,DKI5,,,,,,,0,,TIDAK ADA DATA
201008,2010-08-25,DKI5,,,,,,,0,,TIDAK ADA DATA
201008,2010-08-26,DKI5,,,,,,,0,,TIDAK ADA DATA
201008,2010-08-27,DKI5,,,,,,,0,,TIDAK ADA DATA
201008,2010-08-28,DKI5,,,,,,,0,,TIDAK ADA DATA
201008,2010-08-29,DKI5,,,,,,,0,,TIDAK ADA DATA
201008,2010-08-30,DKI5,,,,,,,0,,TIDAK ADA DATA
201008,2010-08-31,DKI5,,,,,,,0,,TIDAK ADA DATA
201009,2010-09-01,DKI1,53.0,,16.0,28.0,43.0,16.0,53,PM10,SEDANG
201009,2010-09-02,DKI1,56.0,,17.0,35.0,44.0,23.0,56,PM10,SEDANG
201009,2010-09-03,DKI1,53.0,,16.0,39.0,52.0,22.0,53,PM10,SEDANG
201009,2010-09-04,DKI1,47.0,,19.0,32.0,44.0,21.0,47,PM10,BAIK
201009,2010-09-05,DKI1,48.0,,17.0,26.0,54.0,17.0,54,O3,SEDANG
201009,2010-09-06,DKI1,51.0,,15.0,35.0,26.0,19.0,51,PM10,SEDANG
201009,2010-09-07,DKI1,56.0,,19.0,45.0,30.0,19.0,56,PM10,SEDANG
201009,2010-09-08,DKI1,50.0,,16.0,43.0,65.0,21.0,65,O3,SEDANG
201009,2010-09-09,DKI1,38.0,,11.0,32.0,29.0,11.0,38,PM10,BAIK
201009,2010-09-10,DKI1,51.0,,11.0,45.0,39.0,14.0,51,PM10,SEDANG
201009,2010-09-11,DKI1,37.0,,13.0,25.0,55.0,12.0,55,O3,SEDANG
201009,2010-09-12,DKI1,25.0,,11.0,18.0,50.0,17.0,50,O3,BAIK
201009,2010-09-13,DKI1,24.0,,10.0,18.0,51.0,13.0,51,O3,SEDANG
201009,2010-09-14,DKI1,28.0,,12.0,26.0,42.0,11.0,42,O3,BAIK
201009,2010-09-15,DKI1,36.0,,13.0,34.0,42.0,22.0,42,O3,BAIK
201009,2010-09-16,DKI1,36.0,,12.0,28.0,21.0,14.0,36,PM10,BAIK
201009,2010-09-17,DKI1,31.0,,14.0,26.0,49.0,16.0,49,O3,BAIK
201009,2010-09-18,DKI1,51.0,,16.0,32.0,50.0,15.0,51,PM10,SEDANG
201009,2010-09-19,DKI1,49.0,,14.0,25.0,34.0,11.0,49,PM10,BAIK
201009,2010-09-20,DKI1,37.0,,14.0,30.0,39.0,15.0,39,O3,BAIK
201009,2010-09-21,DKI1,41.0,,14.0,30.0,30.0,18.0,41,PM10,BAIK
201009,2010-09-22,DKI1,55.0,,15.0,64.0,45.0,22.0,64,CO,SEDANG
201009,2010-09-23,DKI1,57.0,,20.0,53.0,57.0,25.0,57,PM10,SEDANG
201009,2010-09-24,DKI1,55.0,,19.0,49.0,58.0,22.0,58,O3,SEDANG
201009,2010-09-25,DKI1,57.0,,21.0,49.0,32.0,22.0,57,PM10,SEDANG
201009,2010-09-26,DKI1,32.0,,15.0,20.0,46.0,11.0,46,O3,BAIK
201009,2010-09-27,DKI1,50.0,,18.0,36.0,51.0,22.0,51,O3,SEDANG
201009,2010-09-28,DKI1,37.0,,16.0,31.0,71.0,21.0,71,O3,SEDANG
201009,2010-09-29,DKI1,62.0,,21.0,35.0,78.0,28.0,78,O3,SEDANG
201009,2010-09-30,DKI1,65.0,,19.0,36.0,62.0,23.0,65,PM10,SEDANG
201009,2010-09-01,DKI2,,,,,,,0,,TIDAK ADA DATA
201009,2010-09-02,DKI2,,,,,,,0,,TIDAK ADA DATA
201009,2010-09-03,DKI2,,,,,,,0,,TIDAK ADA DATA
201009,2010-09-04,DKI2,,,,,,,0,,TIDAK ADA DATA
201009,2010-09-05,DKI2,,,,,,,0,,TIDAK ADA DATA
201009,2010-09-06,DKI2,,,,,,,0,,TIDAK ADA DATA
201009,2010-09-07,DKI2,,,,,,,0,,TIDAK ADA DATA
201009,2010-09-08,DKI2,,,,,,,0,,TIDAK ADA DATA
201009,2010-09-09,DKI2,,,,,,,0,,TIDAK ADA DATA
201009,2010-09-10,DKI2,,,,,,,0,,TIDAK ADA DATA
201009,2010-09-11,DKI2,,,,,,,0,,TIDAK ADA DATA
201009,2010-09-12,DKI2,,,,,,,0,,TIDAK ADA DATA
201009,2010-09-13,DKI2,,,,,,,0,,TIDAK ADA DATA
201009,2010-09-14,DKI2,,,,,,,0,,TIDAK ADA DATA
201009,2010-09-15,DKI2,,,,,,,0,,TIDAK ADA DATA
201009,2010-09-16,DKI2,,,,,,,0,,TIDAK ADA DATA
201009,2010-09-17,DKI2,,,,,,,0,,TIDAK ADA DATA
201009,2010-09-18,DKI2,,,,,,,0,,TIDAK ADA DATA
201009,2010-09-19,DKI2,,,,,,,0,,TIDAK ADA DATA
201009,2010-09-20,DKI2,,,,,,,0,,TIDAK ADA DATA
201009,2010-09-21,DKI2,,,,,,,0,,TIDAK ADA DATA
201009,2010-09-22,DKI2,,,,,,,0,,TIDAK ADA DATA
201009,2010-09-23,DKI2,,,,,,,0,,TIDAK ADA DATA
201009,2010-09-24,DKI2,,,,,,,0,,TIDAK ADA DATA
201009,2010-09-25,DKI2,,,,,,,0,,TIDAK ADA DATA
201009,2010-09-26,DKI2,,,,,,,0,,TIDAK ADA DATA
201009,2010-09-27,DKI2,,,,,,,0,,TIDAK ADA DATA
201009,2010-09-28,DKI2,,,,,,,0,,TIDAK ADA DATA
201009,2010-09-29,DKI2,,,,,,,0,,TIDAK ADA DATA
201009,2010-09-30,DKI2,,,,,,,0,,TIDAK ADA DATA
201009,2010-09-01,DKI3,,,,,,,0,,TIDAK ADA DATA
201009,2010-09-02,DKI3,,,,,,,0,,TIDAK ADA DATA
201009,2010-09-03,DKI3,,,,,,,0,,TIDAK ADA DATA
201009,2010-09-04,DKI3,,,,,,,0,,TIDAK ADA DATA
201009,2010-09-05,DKI3,,,,,,,0,,TIDAK ADA DATA
201009,2010-09-06,DKI3,,,,,,,0,,TIDAK ADA DATA
201009,2010-09-07,DKI3,,,,,,,0,,TIDAK ADA DATA
201009,2010-09-08,DKI3,,,,,,,0,,TIDAK ADA DATA
201009,2010-09-09,DKI3,,,,,,,0,,TIDAK ADA DATA
201009,2010-09-10,DKI3,,,,,,,0,,TIDAK ADA DATA
201009,2010-09-11,DKI3,,,,,,,0,,TIDAK ADA DATA
201009,2010-09-12,DKI3,,,,,,,0,,TIDAK ADA DATA
201009,2010-09-13,DKI3,,,,,,,0,,TIDAK ADA DATA
201009,2010-09-14,DKI3,,,,,,,0,,TIDAK ADA DATA
201009,2010-09-15,DKI3,,,,,,,0,,TIDAK ADA DATA
201009,2010-09-16,DKI3,,,,,,,0,,TIDAK ADA DATA
201009,2010-09-17,DKI3,,,,,,,0,,TIDAK ADA DATA
201009,2010-09-18,DKI3,,,,,,,0,,TIDAK ADA DATA
201009,2010-09-19,DKI3,,,,,,,0,,TIDAK ADA DATA
201009,2010-09-20,DKI3,,,,,,,0,,TIDAK ADA DATA
201009,2010-09-21,DKI3,,,,,,,0,,TIDAK ADA DATA
201009,2010-09-22,DKI3,,,,,,,0,,TIDAK ADA DATA
201009,2010-09-23,DKI3,,,,,,,0,,TIDAK ADA DATA
201009,2010-09-24,DKI3,,,,,,,0,,TIDAK ADA DATA
201009,2010-09-25,DKI3,,,,,,,0,,TIDAK ADA DATA
201009,2010-09-26,DKI3,,,,,,,0,,TIDAK ADA DATA
201009,2010-09-27,DKI3,,,,,,,0,,TIDAK ADA DATA
201009,2010-09-28,DKI3,,,,,,,0,,TIDAK ADA DATA
201009,2010-09-29,DKI3,,,,,,,0,,TIDAK ADA DATA
201009,2010-09-30,DKI3,,,,,,,0,,TIDAK ADA DATA
201009,2010-09-01,DKI4,,,,,,,0,,TIDAK ADA DATA
201009,2010-09-02,DKI4,,,,,,,0,,TIDAK ADA DATA
201009,2010-09-03,DKI4,,,,,,,0,,TIDAK ADA DATA
201009,2010-09-04,DKI4,,,,,,,0,,TIDAK ADA DATA
201009,2010-09-05,DKI4,,,,,,,0,,TIDAK ADA DATA
201009,2010-09-06,DKI4,,,,,,,0,,TIDAK ADA DATA
201009,2010-09-07,DKI4,,,,,,,0,,TIDAK ADA DATA
201009,2010-09-08,DKI4,,,,,,,0,,TIDAK ADA DATA
201009,2010-09-09,DKI4,,,,,,,0,,TIDAK ADA DATA
201007,2010-07-05,DKI2,,,,,,,0,,TIDAK ADA DATA
201007,2010-07-06,DKI2,,,,,,,0,,TIDAK ADA DATA
201007,2010-07-07,DKI2,,,,,,,0,,TIDAK ADA DATA
201007,2010-07-08,DKI2,,,,,,,0,,TIDAK ADA DATA
201007,2010-07-09,DKI2,,,,,,,0,,TIDAK ADA DATA
201007,2010-07-10,DKI2,,,,,,,0,,TIDAK ADA DATA
201007,2010-07-11,DKI2,,,,,,,0,,TIDAK ADA DATA
201007,2010-07-12,DKI2,,,,,,,0,,TIDAK ADA DATA
201007,2010-07-13,DKI2,,,,,,,0,,TIDAK ADA DATA
201007,2010-07-14,DKI2,,,,,,,0,,TIDAK ADA DATA
201007,2010-07-15,DKI2,,,,,,,0,,TIDAK ADA DATA
201007,2010-07-16,DKI2,,,,,,,0,,TIDAK ADA DATA
201007,2010-07-17,DKI2,,,,,,,0,,TIDAK ADA DATA
201007,2010-07-18,DKI2,,,,,,,0,,TIDAK ADA DATA
201007,2010-07-19,DKI2,,,,,,,0,,TIDAK ADA DATA
201007,2010-07-20,DKI2,,,,,,,0,,TIDAK ADA DATA
201007,2010-07-21,DKI2,,,,,,,0,,TIDAK ADA DATA
201007,2010-07-22,DKI2,,,,,,,0,,TIDAK ADA DATA
201007,2010-07-23,DKI2,,,,,,,0,,TIDAK ADA DATA
201007,2010-07-24,DKI2,,,,,,,0,,TIDAK ADA DATA
201007,2010-07-25,DKI2,,,,,,,0,,TIDAK ADA DATA
201007,2010-07-26,DKI2,,,,,,,0,,TIDAK ADA DATA
201007,2010-07-27,DKI2,,,,,,,0,,TIDAK ADA DATA
201007,2010-07-28,DKI2,,,,,,,0,,TIDAK ADA DATA
201007,2010-07-29,DKI2,,,,,,,0,,TIDAK ADA DATA
201007,2010-07-30,DKI2,,,,,,,0,,TIDAK ADA DATA
201007,2010-07-31,DKI2,,,,,,,0,,TIDAK ADA DATA
201007,2010-07-01,DKI3,,,,,,,0,,TIDAK ADA DATA
201007,2010-07-02,DKI3,,,,,,,0,,TIDAK ADA DATA
201007,2010-07-03,DKI3,,,,,,,0,,TIDAK ADA DATA
201007,2010-07-04,DKI3,,,,,,,0,,TIDAK ADA DATA
201007,2010-07-05,DKI3,,,,,,,0,,TIDAK ADA DATA
201007,2010-07-06,DKI3,,,,,,,0,,TIDAK ADA DATA
201007,2010-07-07,DKI3,,,,,,,0,,TIDAK ADA DATA
201007,2010-07-08,DKI3,,,,,,,0,,TIDAK ADA DATA
201007,2010-07-09,DKI3,,,,,,,0,,TIDAK ADA DATA
201007,2010-07-10,DKI3,,,,,,,0,,TIDAK ADA DATA
201007,2010-07-11,DKI3,,,,,,,0,,TIDAK ADA DATA
201007,2010-07-12,DKI3,,,,,,,0,,TIDAK ADA DATA
201007,2010-07-13,DKI3,,,,,,,0,,TIDAK ADA DATA
201007,2010-07-14,DKI3,,,,,,,0,,TIDAK ADA DATA
201007,2010-07-15,DKI3,,,,,,,0,,TIDAK ADA DATA
201007,2010-07-16,DKI3,,,,,,,0,,TIDAK ADA DATA
201007,2010-07-17,DKI3,,,,,,,0,,TIDAK ADA DATA
201007,2010-07-18,DKI3,,,,,,,0,,TIDAK ADA DATA
201007,2010-07-19,DKI3,,,,,,,0,,TIDAK ADA DATA
201007,2010-07-20,DKI3,,,,,,,0,,TIDAK ADA DATA
201007,2010-07-21,DKI3,,,,,,,0,,TIDAK ADA DATA
201007,2010-07-22,DKI3,,,,,,,0,,TIDAK ADA DATA
201007,2010-07-23,DKI3,,,,,,,0,,TIDAK ADA DATA
201007,2010-07-24,DKI3,,,,,,,0,,TIDAK ADA DATA
201007,2010-07-25,DKI3,,,,,,,0,,TIDAK ADA DATA
201007,2010-07-26,DKI3,,,,,,,0,,TIDAK ADA DATA
201007,2010-07-27,DKI3,,,,,,,0,,TIDAK ADA DATA
201007,2010-07-28,DKI3,,,,,,,0,,TIDAK ADA DATA
201007,2010-07-29,DKI3,,,,,,,0,,TIDAK ADA DATA
201007,2010-07-30,DKI3,,,,,,,0,,TIDAK ADA DATA
201007,2010-07-31,DKI3,,,,,,,0,,TIDAK ADA DATA
201007,2010-07-01,DKI4,,,,,,,0,,TIDAK ADA DATA
201007,2010-07-02,DKI4,,,,,,,0,,TIDAK ADA DATA
201007,2010-07-03,DKI4,,,,,,,0,,TIDAK ADA DATA
201007,2010-07-04,DKI4,,,,,,,0,,TIDAK ADA DATA
201007,2010-07-05,DKI4,,,,,,,0,,TIDAK ADA DATA
201007,2010-07-06,DKI4,,,,,,,0,,TIDAK ADA DATA
201007,2010-07-07,DKI4,,,,,,,0,,TIDAK ADA DATA
201007,2010-07-08,DKI4,,,,,,,0,,TIDAK ADA DATA
201007,2010-07-09,DKI4,,,,,,,0,,TIDAK ADA DATA
201007,2010-07-10,DKI4,,,,,,,0,,TIDAK ADA DATA
201007,2010-07-11,DKI4,,,,,,,0,,TIDAK ADA DATA
201007,2010-07-12,DKI4,,,,,,,0,,TIDAK ADA DATA
201007,2010-07-13,DKI4,,,,,,,0,,TIDAK ADA DATA
201007,2010-07-14,DKI4,,,,,,,0,,TIDAK ADA DATA
201007,2010-07-15,DKI4,,,,,,,0,,TIDAK ADA DATA
201007,2010-07-16,DKI4,,,,,,,0,,TIDAK ADA DATA
201007,2010-07-17,DKI4,,,,,,,0,,TIDAK ADA DATA
201007,2010-07-18,DKI4,,,,,,,0,,TIDAK ADA DATA
201007,2010-07-19,DKI4,,,,,,,0,,TIDAK ADA DATA
201007,2010-07-20,DKI4,,,,,,,0,,TIDAK ADA DATA
201007,2010-07-21,DKI4,,,,,,,0,,TIDAK ADA DATA
201007,2010-07-22,DKI4,,,,,,,0,,TIDAK ADA DATA
201007,2010-07-23,DKI4,,,,,,,0,,TIDAK ADA DATA
201007,2010-07-24,DKI4,,,,,,,0,,TIDAK ADA DATA
201007,2010-07-25,DKI4,,,,,,,0,,TIDAK ADA DATA
201007,2010-07-26,DKI4,,,,,,,0,,TIDAK ADA DATA
201007,2010-07-27,DKI4,,,,,,,0,,TIDAK ADA DATA
201007,2010-07-28,DKI4,,,,,,,0,,TIDAK ADA DATA
201007,2010-07-29,DKI4,,,,,,,0,,TIDAK ADA DATA
201007,2010-07-30,DKI4,,,,,,,0,,TIDAK ADA DATA
201007,2010-07-31,DKI4,,,,,,,0,,TIDAK ADA DATA
201007,2010-07-01,DKI5,,,,,,,0,,TIDAK ADA DATA
201007,2010-07-02,DKI5,,,,,,,0,,TIDAK ADA DATA
201007,2010-07-03,DKI5,,,,,,,0,,TIDAK ADA DATA
201007,2010-07-04,DKI5,,,,,,,0,,TIDAK ADA DATA
201007,2010-07-05,DKI5,,,,,,,0,,TIDAK ADA DATA
201007,2010-07-06,DKI5,,,,,,,0,,TIDAK ADA DATA
201007,2010-07-07,DKI5,,,,,,,0,,TIDAK ADA DATA
201007,2010-07-08,DKI5,,,,,,,0,,TIDAK ADA DATA
201007,2010-07-09,DKI5,,,,,,,0,,TIDAK ADA DATA
201007,2010-07-10,DKI5,,,,,,,0,,TIDAK ADA DATA
201007,2010-07-11,DKI5,,,,,,,0,,TIDAK ADA DATA
201007,2010-07-12,DKI5,,,,,,,0,,TIDAK ADA DATA
201007,2010-07-13,DKI5,,,,,,,0,,TIDAK ADA DATA
201007,2010-07-14,DKI5,,,,,,,0,,TIDAK ADA DATA
201007,2010-07-15,DKI5,,,,,,,0,,TIDAK ADA DATA
201007,2010-07-16,DKI5,,,,,,,0,,TIDAK ADA DATA
201007,2010-07-17,DKI5,,,,,,,0,,TIDAK ADA DATA
201007,2010-07-18,DKI5,,,,,,,0,,TIDAK ADA DATA
201007,2010-07-19,DKI5,,,,,,,0,,TIDAK ADA DATA
201007,2010-07-20,DKI5,,,,,,,0,,TIDAK ADA DATA
201007,2010-07-21,DKI5,,,,,,,0,,TIDAK ADA DATA
201007,2010-07-22,DKI5,,,,,,,0,,TIDAK ADA DATA
201007,2010-07-23,DKI5,,,,,,,0,,TIDAK ADA DATA
201007,2010-07-24,DKI5,,,,,,,0,,TIDAK ADA DATA
201007,2010-07-25,DKI5,,,,,,,0,,TIDAK ADA DATA
201007,2010-07-26,DKI5,,,,,,,0,,TIDAK ADA DATA
201007,2010-07-27,DKI5,,,,,,,0,,TIDAK ADA DATA
201007,2010-07-28,DKI5,,,,,,,0,,TIDAK ADA DATA
201007,2010-07-29,DKI5,,,,,,,0,,TIDAK ADA DATA
201007,2010-07-30,DKI5,,,,,,,0,,TIDAK ADA DATA
201007,2010-07-31,DKI5,,,,,,,0,,TIDAK ADA DATA
201008,2010-08-01,DKI1,48.0,,12.0,19.0,47.0,25.0,48,PM10,BAIK
201008,2010-08-02,DKI1,57.0,,15.0,36.0,57.0,29.0,57,PM10,SEDANG
201008,2010-08-03,DKI1,61.0,,13.0,31.0,48.0,17.0,61,PM10,SEDANG
201008,2010-08-04,DKI1,,,,,,,0,,TIDAK ADA DATA
201008,2010-08-05,DKI1,76.0,,16.0,,56.0,26.0,76,PM10,SEDANG
201008,2010-08-06,DKI1,60.0,,17.0,38.0,59.0,17.0,60,PM10,SEDANG
201008,2010-08-07,DKI1,61.0,,13.0,40.0,80.0,32.0,80,O3,SEDANG
201008,2010-08-08,DKI1,60.0,,12.0,42.0,73.0,19.0,73,O3,SEDANG
201008,2010-08-09,DKI1,61.0,,16.0,40.0,77.0,26.0,77,O3,SEDANG
201008,2010-08-10,DKI1,63.0,,14.0,36.0,35.0,20.0,63,PM10,SEDANG
201008,2010-08-11,DKI1,,,15.0,23.0,34.0,10.0,34,O3,BAIK
201008,2010-08-12,DKI1,,,14.0,20.0,27.0,7.0,27,O3,BAIK
201008,2010-08-13,DKI1,54.0,,16.0,20.0,31.0,9.0,54,PM10,SEDANG
201008,2010-08-14,DKI1,43.0,,16.0,33.0,28.0,6.0,43,PM10,BAIK
201008,2010-08-15,DKI1,53.0,,15.0,27.0,44.0,11.0,53,PM10,SEDANG
201008,2010-08-16,DKI1,60.0,,17.0,34.0,37.0,25.0,60,PM10,SEDANG
201008,2010-08-17,DKI1,54.0,,14.0,43.0,46.0,15.0,54,PM10,SEDANG
201008,2010-08-18,DKI1,60.0,,15.0,45.0,74.0,29.0,74,O3,SEDANG
201008,2010-08-19,DKI1,39.0,,12.0,40.0,34.0,26.0,40,CO,BAIK
201008,2010-08-20,DKI1,44.0,,17.0,36.0,29.0,14.0,44,PM10,BAIK
201008,2010-08-21,DKI1,52.0,,14.0,45.0,30.0,15.0,52,PM10,SEDANG
201008,2010-08-22,DKI1,48.0,,18.0,28.0,71.0,21.0,71,O3,SEDANG
201008,2010-08-23,DKI1,65.0,,17.0,34.0,48.0,16.0,65,PM10,SEDANG
201008,2010-08-24,DKI1,51.0,,18.0,23.0,43.0,12.0,51,PM10,SEDANG
201008,2010-08-25,DKI1,68.0,,18.0,80.0,45.0,17.0,80,CO,SEDANG
201008,2010-08-26,DKI1,45.0,,15.0,25.0,33.0,17.0,45,PM10,BAIK
201008,2010-08-27,DKI1,49.0,,19.0,33.0,36.0,15.0,49,PM10,BAIK
201008,2010-08-28,DKI1,48.0,,17.0,45.0,67.0,20.0,67,O3,SEDANG
201008,2010-08-29,DKI1,59.0,,23.0,39.0,70.0,20.0,70,O3,SEDANG
201008,2010-08-30,DKI1,57.0,,17.0,22.0,35.0,15.0,57,PM10,SEDANG
201008,2010-08-31,DKI1,52.0,,16.0,27.0,35.0,14.0,52,PM10,SEDANG
201008,2010-08-01,DKI2,,,,,,,0,,TIDAK ADA DATA
201008,2010-08-02,DKI2,,,,,,,0,,TIDAK ADA DATA
201008,2010-08-03,DKI2,,,,,,,0,,TIDAK ADA DATA
201008,2010-08-04,DKI2,,,,,,,0,,TIDAK ADA DATA
201008,2010-08-05,DKI2,,,,,,,0,,TIDAK ADA DATA
201008,2010-08-06,DKI2,,,,,,,0,,TIDAK ADA DATA
201008,2010-08-07,DKI2,,,,,,,0,,TIDAK ADA DATA
201008,2010-08-08,DKI2,,,,,,,0,,TIDAK ADA DATA
201008,2010-08-09,DKI2,,,,,,,0,,TIDAK ADA DATA
201008,2010-08-10,DKI2,,,,,,,0,,TIDAK ADA DATA
201008,2010-08-11,DKI2,,,,,,,0,,TIDAK ADA DATA
201008,2010-08-12,DKI2,,,,,,,0,,TIDAK ADA DATA
201008,2010-08-13,DKI2,,,,,,,0,,TIDAK ADA DATA
201008,2010-08-14,DKI2,,,,,,,0,,TIDAK ADA DATA
201008,2010-08-15,DKI2,,,,,,,0,,TIDAK ADA DATA
201008,2010-08-16,DKI2,,,,,,,0,,TIDAK ADA DATA
201008,2010-08-17,DKI2,,,,,,,0,,TIDAK ADA DATA
201008,2010-08-18,DKI2,,,,,,,0,,TIDAK ADA DATA
201008,2010-08-19,DKI2,,,,,,,0,,TIDAK ADA DATA
201008,2010-08-20,DKI2,,,,,,,0,,TIDAK ADA DATA
201008,2010-08-21,DKI2,,,,,,,0,,TIDAK ADA DATA
201008,2010-08-22,DKI2,,,,,,,0,,TIDAK ADA DATA
201008,2010-08-23,DKI2,,,,,,,0,,TIDAK ADA DATA
201008,2010-08-24,DKI2,,,,,,,0,,TIDAK ADA DATA
201008,2010-08-25,DKI2,,,,,,,0,,TIDAK ADA DATA
201008,2010-08-26,DKI2,,,,,,,0,,TIDAK ADA DATA
201008,2010-08-27,DKI2,,,,,,,0,,TIDAK ADA DATA
201008,2010-08-28,DKI2,,,,,,,0,,TIDAK ADA DATA
201008,2010-08-29,DKI2,,,,,,,0,,TIDAK ADA DATA
201008,2010-08-30,DKI2,,,,,,,0,,TIDAK ADA DATA
201008,2010-08-31,DKI2,,,,,,,0,,TIDAK ADA DATA
201008,2010-08-01,DKI3,,,,,,,0,,TIDAK ADA DATA
201008,2010-08-02,DKI3,,,,,,,0,,TIDAK ADA DATA
201008,2010-08-03,DKI3,,,,,,,0,,TIDAK ADA DATA
201008,2010-08-04,DKI3,,,,,,,0,,TIDAK ADA DATA
201008,2010-08-05,DKI3,,,,,,,0,,TIDAK ADA DATA
201010,2010-10-28,DKI3,,,,,,,0,,TIDAK ADA DATA
201010,2010-10-29,DKI3,,,,,,,0,,TIDAK ADA DATA
201010,2010-10-30,DKI3,,,,,,,0,,TIDAK ADA DATA
201010,2010-10-31,DKI3,,,,,,,0,,TIDAK ADA DATA
201010,2010-10-01,DKI4,,,,,,,0,,TIDAK ADA DATA
201010,2010-10-02,DKI4,,,,,,,0,,TIDAK ADA DATA
201010,2010-10-03,DKI4,,,,,,,0,,TIDAK ADA DATA
201010,2010-10-04,DKI4,,,,,,,0,,TIDAK ADA DATA
201010,2010-10-05,DKI4,,,,,,,0,,TIDAK ADA DATA
201010,2010-10-06,DKI4,,,,,,,0,,TIDAK ADA DATA
201010,2010-10-07,DKI4,,,,,,,0,,TIDAK ADA DATA
201010,2010-10-08,DKI4,,,,,,,0,,TIDAK ADA DATA
201010,2010-10-09,DKI4,,,,,,,0,,TIDAK ADA DATA
201010,2010-10-10,DKI4,,,,,,,0,,TIDAK ADA DATA
201010,2010-10-11,DKI4,,,,,,,0,,TIDAK ADA DATA
201010,2010-10-12,DKI4,,,,,,,0,,TIDAK ADA DATA
201010,2010-10-13,DKI4,,,,,,,0,,TIDAK ADA DATA
201010,2010-10-14,DKI4,,,,,,,0,,TIDAK ADA DATA
201010,2010-10-15,DKI4,,,,,,,0,,TIDAK ADA DATA
201010,2010-10-16,DKI4,,,,,,,0,,TIDAK ADA DATA
201010,2010-10-17,DKI4,,,,,,,0,,TIDAK ADA DATA
201010,2010-10-18,DKI4,,,,,,,0,,TIDAK ADA DATA
201010,2010-10-19,DKI4,,,,,,,0,,TIDAK ADA DATA
201010,2010-10-20,DKI4,,,,,,,0,,TIDAK ADA DATA
201010,2010-10-21,DKI4,,,,,,,0,,TIDAK ADA DATA
201010,2010-10-22,DKI4,,,,,,,0,,TIDAK ADA DATA
201010,2010-10-23,DKI4,,,,,,,0,,TIDAK ADA DATA
201010,2010-10-24,DKI4,,,,,,,0,,TIDAK ADA DATA
201010,2010-10-25,DKI4,,,,,,,0,,TIDAK ADA DATA
201010,2010-10-26,DKI4,,,,,,,0,,TIDAK ADA DATA
201010,2010-10-27,DKI4,,,,,,,0,,TIDAK ADA DATA
201010,2010-10-28,DKI4,,,,,,,0,,TIDAK ADA DATA
201010,2010-10-29,DKI4,,,,,,,0,,TIDAK ADA DATA
201010,2010-10-30,DKI4,,,,,,,0,,TIDAK ADA DATA
201010,2010-10-31,DKI4,,,,,,,0,,TIDAK ADA DATA
201010,2010-10-01,DKI5,,,,,,,0,,TIDAK ADA DATA
201010,2010-10-02,DKI5,,,,,,,0,,TIDAK ADA DATA
201010,2010-10-03,DKI5,,,,,,,0,,TIDAK ADA DATA
201010,2010-10-04,DKI5,,,,,,,0,,TIDAK ADA DATA
201010,2010-10-05,DKI5,,,,,,,0,,TIDAK ADA DATA
201010,2010-10-06,DKI5,,,,,,,0,,TIDAK ADA DATA
201010,2010-10-07,DKI5,,,,,,,0,,TIDAK ADA DATA
201010,2010-10-08,DKI5,,,,,,,0,,TIDAK ADA DATA
201010,2010-10-09,DKI5,,,,,,,0,,TIDAK ADA DATA
201010,2010-10-10,DKI5,,,,,,,0,,TIDAK ADA DATA
201010,2010-10-11,DKI5,,,,,,,0,,TIDAK ADA DATA
201010,2010-10-12,DKI5,,,,,,,0,,TIDAK ADA DATA
201010,2010-10-13,DKI5,,,,,,,0,,TIDAK ADA DATA
201010,2010-10-14,DKI5,,,,,,,0,,TIDAK ADA DATA
201010,2010-10-15,DKI5,,,,,,,0,,TIDAK ADA DATA
201010,2010-10-16,DKI5,,,,,,,0,,TIDAK ADA DATA
201010,2010-10-17,DKI5,,,,,,,0,,TIDAK ADA DATA
201010,2010-10-18,DKI5,,,,,,,0,,TIDAK ADA DATA
201010,2010-10-19,DKI5,,,,,,,0,,TIDAK ADA DATA
201010,2010-10-20,DKI5,,,,,,,0,,TIDAK ADA DATA
201010,2010-10-21,DKI5,,,,,,,0,,TIDAK ADA DATA
201010,2010-10-22,DKI5,,,,,,,0,,TIDAK ADA DATA
201010,2010-10-23,DKI5,,,,,,,0,,TIDAK ADA DATA
201010,2010-10-24,DKI5,,,,,,,0,,TIDAK ADA DATA
201010,2010-10-25,DKI5,,,,,,,0,,TIDAK ADA DATA
201010,2010-10-26,DKI5,,,,,,,0,,TIDAK ADA DATA
201010,2010-10-27,DKI5,,,,,,,0,,TIDAK ADA DATA
201010,2010-10-28,DKI5,,,,,,,0,,TIDAK ADA DATA
201010,2010-10-29,DKI5,,,,,,,0,,TIDAK ADA DATA
201010,2010-10-30,DKI5,,,,,,,0,,TIDAK ADA DATA
201010,2010-10-31,DKI5,,,,,,,0,,TIDAK ADA DATA
201011,2010-11-01,DKI1,,,,,,,0,,TIDAK ADA DATA
201011,2010-11-02,DKI1,33.0,,14.0,18.0,25.0,8.0,33,PM10,BAIK
201011,2010-11-03,DKI1,56.0,,18.0,32.0,48.0,18.0,56,PM10,SEDANG
201011,2010-11-04,DKI1,54.0,,17.0,47.0,33.0,12.0,54,PM10,SEDANG
201011,2010-11-05,DKI1,31.0,,13.0,27.0,26.0,9.0,31,PM10,BAIK
201011,2010-11-06,DKI1,49.0,,14.0,30.0,26.0,12.0,49,PM10,BAIK
201011,2010-11-07,DKI1,36.0,,13.0,21.0,25.0,11.0,36,PM10,BAIK
201011,2010-11-08,DKI1,22.0,,13.0,19.0,23.0,8.0,23,O3,BAIK
201011,2010-11-09,DKI1,32.0,,15.0,28.0,43.0,14.0,43,O3,BAIK
201011,2010-11-10,DKI1,56.0,,20.0,39.0,54.0,26.0,56,PM10,SEDANG
201011,2010-11-11,DKI1,53.0,,20.0,30.0,50.0,20.0,53,PM10,SEDANG
201011,2010-11-12,DKI1,40.0,,18.0,23.0,31.0,9.0,40,PM10,BAIK
201011,2010-11-13,DKI1,37.0,,16.0,28.0,74.0,18.0,74,O3,SEDANG
201011,2010-11-14,DKI1,54.0,,15.0,40.0,54.0,23.0,54,PM10,SEDANG
201011,2010-11-15,DKI1,51.0,,19.0,27.0,36.0,16.0,51,PM10,SEDANG
201011,2010-11-16,DKI1,58.0,,19.0,34.0,67.0,24.0,67,O3,SEDANG
201011,2010-11-17,DKI1,58.0,,17.0,55.0,54.0,17.0,58,PM10,SEDANG
201011,2010-11-18,DKI1,61.0,,16.0,32.0,65.0,38.0,65,O3,SEDANG
201011,2010-11-19,DKI1,68.0,,20.0,49.0,74.0,21.0,74,O3,SEDANG
201011,2010-11-20,DKI1,64.0,,19.0,35.0,70.0,24.0,70,O3,SEDANG
201011,2010-11-21,DKI1,67.0,,18.0,34.0,110.0,19.0,110,O3,TIDAK SEHAT
201011,2010-11-22,DKI1,57.0,,19.0,38.0,90.0,30.0,90,O3,SEDANG
201011,2010-11-23,DKI1,63.0,,18.0,39.0,53.0,24.0,63,PM10,SEDANG
201011,2010-11-24,DKI1,66.0,,26.0,39.0,51.0,23.0,66,PM10,SEDANG
201011,2010-11-25,DKI1,52.0,,17.0,28.0,77.0,16.0,77,O3,SEDANG
201011,2010-11-26,DKI1,59.0,,21.0,35.0,84.0,26.0,84,O3,SEDANG
201011,2010-11-27,DKI1,59.0,,17.0,49.0,120.0,21.0,120,O3,TIDAK SEHAT
201011,2010-11-28,DKI1,49.0,,17.0,30.0,89.0,20.0,89,O3,SEDANG
201011,2010-11-17,DKI3,61.0,,0.0,33.0,136.0,12.0,136,O3,TIDAK SEHAT
201011,2010-11-18,DKI3,57.0,,0.0,20.0,206.0,6.0,206,O3,SANGAT TIDAK SEHAT
201011,2010-11-19,DKI3,68.0,,0.0,21.0,136.0,9.0,136,O3,TIDAK SEHAT
201011,2010-11-20,DKI3,67.0,,0.0,19.0,195.0,9.0,195,O3,TIDAK SEHAT
201011,2010-11-21,DKI3,68.0,,0.0,27.0,154.0,9.0,154,O3,TIDAK SEHAT
201011,2010-11-22,DKI3,55.0,,0.0,15.0,238.0,13.0,238,O3,SANGAT TIDAK SEHAT
201011,2010-11-23,DKI3,69.0,,0.0,18.0,112.0,13.0,112,O3,TIDAK SEHAT
201011,2010-11-24,DKI3,52.0,,2.0,12.0,146.0,8.0,146,O3,TIDAK SEHAT
201011,2010-11-25,DKI3,52.0,,2.0,12.0,190.0,9.0,190,O3,TIDAK SEHAT
201011,2010-11-26,DKI3,61.0,,2.0,19.0,172.0,8.0,172,O3,TIDAK SEHAT
201011,2010-11-27,DKI3,53.0,,2.0,15.0,189.0,6.0,189,O3,TIDAK SEHAT
201011,2010-11-28,DKI3,,,,,,,0,,TIDAK ADA DATA
201011,2010-11-29,DKI3,,,,,,,0,,TIDAK ADA DATA
201011,2010-11-30,DKI3,,,,,,,0,,TIDAK ADA DATA
201011,2010-11-01,DKI4,,,,,,,0,,TIDAK ADA DATA
201011,2010-11-02,DKI4,,,,,,,0,,TIDAK ADA DATA
201011,2010-11-03,DKI4,,,,,,,0,,TIDAK ADA DATA
201011,2010-11-04,DKI4,27.0,,8.0,22.0,45.0,10.0,45,O3,BAIK
201011,2010-11-05,DKI4,13.0,,1.0,22.0,54.0,11.0,54,O3,SEDANG
201011,2010-11-06,DKI4,27.0,,6.0,25.0,36.0,16.0,36,O3,BAIK
201011,2010-11-07,DKI4,24.0,,2.0,23.0,36.0,14.0,36,O3,BAIK
201011,2010-11-08,DKI4,18.0,,1.0,13.0,22.0,8.0,22,O3,BAIK
201011,2010-11-09,DKI4,14.0,,1.0,17.0,75.0,10.0,75,O3,SEDANG
201011,2010-11-10,DKI4,28.0,,5.0,26.0,71.0,15.0,71,O3,SEDANG
201011,2010-11-11,DKI4,17.0,,2.0,10.0,55.0,8.0,55,O3,SEDANG
201011,2010-11-12,DKI4,18.0,,3.0,19.0,25.0,9.0,25,O3,BAIK
201011,2010-11-13,DKI4,16.0,,3.0,15.0,123.0,14.0,123,O3,TIDAK SEHAT
201011,2010-11-14,DKI4,30.0,,6.0,36.0,53.0,21.0,53,O3,SEDANG
201011,2010-11-15,DKI4,24.0,,7.0,30.0,43.0,17.0,43,O3,BAIK
201011,2010-11-16,DKI4,,,,,,,0,,TIDAK ADA DATA
201011,2010-11-17,DKI4,34.0,,,,,,34,PM10,BAIK
201011,2010-11-18,DKI4,,,4.0,36.0,113.0,17.0,113,O3,TIDAK SEHAT
201011,2010-11-19,DKI4,,,6.0,33.0,148.0,28.0,148,O3,TIDAK SEHAT
201011,2010-11-20,DKI4,,,,,,,0,,TIDAK ADA DATA
201011,2010-11-21,DKI4,,,,,,,0,,TIDAK ADA DATA
201011,2010-11-22,DKI4,,,,,,,0,,TIDAK ADA DATA
201011,2010-11-23,DKI4,,,,,,,0,,TIDAK ADA DATA
201011,2010-11-24,DKI4,72.0,,1.0,25.0,88.0,16.0,88,O3,SEDANG
201011,2010-11-25,DKI4,52.0,,1.0,13.0,80.0,12.0,80,O3,SEDANG
201011,2010-11-26,DKI4,70.0,,2.0,16.0,64.0,21.0,70,PM10,SEDANG
201011,2010-11-27,DKI4,62.0,,1.0,30.0,100.0,16.0,100,O3,SEDANG
201011,2010-11-28,DKI4,60.0,,1.0,32.0,53.0,15.0,60,PM10,SEDANG
201011,2010-11-29,DKI4,67.0,,1.0,21.0,81.0,15.0,81,O3,SEDANG
201011,2010-11-30,DKI4,66.0,,0.0,18.0,74.0,8.0,74,O3,SEDANG
201011,2010-11-01,DKI5,,,,,,,0,,TIDAK ADA DATA
201011,2010-11-02,DKI5,,,,,,,0,,TIDAK ADA DATA
201011,2010-11-03,DKI5,,,,,,,0,,TIDAK ADA DATA
201011,2010-11-04,DKI5,,,,,,,0,,TIDAK ADA DATA
201011,2010-11-29,DKI1,56.0,,19.0,37.0,93.0,26.0,93,O3,SEDANG
201011,2010-11-30,DKI1,43.0,,16.0,32.0,49.0,14.0,49,O3,BAIK
201011,2010-11-01,DKI2,,,,,,,0,,TIDAK ADA DATA
201011,2010-11-02,DKI2,,,,,,,0,,TIDAK ADA DATA
201011,2010-11-03,DKI2,,,,,,,0,,TIDAK ADA DATA
201011,2010-11-04,DKI2,27.0,,8.0,22.0,45.0,10.0,45,O3,BAIK
201011,2010-11-05,DKI2,13.0,,1.0,22.0,54.0,11.0,54,O3,SEDANG
201011,2010-11-06,DKI2,27.0,,6.0,25.0,36.0,16.0,36,O3,BAIK
201011,2010-11-07,DKI2,24.0,,2.0,23.0,36.0,14.0,36,O3,BAIK
201011,2010-11-08,DKI2,18.0,,1.0,13.0,22.0,8.0,22,O3,BAIK
201011,2010-11-09,DKI2,14.0,,1.0,17.0,78.0,11.0,78,O3,SEDANG
201011,2010-11-10,DKI2,27.0,,5.0,26.0,71.0,18.0,71,O3,SEDANG
201011,2010-11-11,DKI2,17.0,,2.0,10.0,55.0,8.0,55,O3,SEDANG
201011,2010-11-12,DKI2,18.0,,3.0,19.0,25.0,9.0,25,O3,BAIK
201011,2010-11-13,DKI2,16.0,,3.0,15.0,123.0,14.0,123,O3,TIDAK SEHAT
201011,2010-11-14,DKI2,30.0,,6.0,36.0,57.0,21.0,57,O3,SEDANG
201011,2010-11-15,DKI2,24.0,,7.0,17.0,43.0,17.0,43,O3,BAIK
201011,2010-11-16,DKI2,26.0,,5.0,21.0,45.0,20.0,45,O3,BAIK
201011,2010-11-17,DKI2,30.0,,3.0,42.0,68.0,,68,O3,SEDANG
201011,2010-11-18,DKI2,,,,,,,0,,TIDAK ADA DATA
201011,2010-11-19,DKI2,,,,,,,0,,TIDAK ADA DATA
201011,2010-11-20,DKI2,,,5.0,26.0,74.0,17.0,74,O3,SEDANG
201011,2010-11-21,DKI2,,,3.0,36.0,90.0,22.0,90,O3,SEDANG
201011,2010-11-22,DKI2,,,5.0,30.0,83.0,17.0,83,O3,SEDANG
201011,2010-11-23,DKI2,,,5.0,23.0,76.0,20.0,76,O3,SEDANG
201011,2010-11-24,DKI2,,,9.0,23.0,70.0,19.0,70,O3,SEDANG
201011,2010-11-25,DKI2,27.0,,2.0,17.0,76.0,19.0,76,O3,SEDANG
201011,2010-11-26,DKI2,24.0,,5.0,23.0,137.0,17.0,137,O3,TIDAK SEHAT
201011,2010-11-27,DKI2,22.0,,3.0,32.0,116.0,23.0,116,O3,TIDAK SEHAT
201011,2010-11-28,DKI2,,,3.0,43.0,92.0,23.0,92,O3,SEDANG
201011,2010-11-29,DKI2,,,6.0,21.0,74.0,20.0,74,O3,SEDANG
201011,2010-11-30,DKI2,31.0,,2.0,16.0,36.0,19.0,36,O3,BAIK
201011,2010-11-01,DKI3,,,,,,,0,,TIDAK ADA DATA
201011,2010-11-02,DKI3,,,,,,,0,,TIDAK ADA DATA
201011,2010-11-03,DKI3,,,,,,,0,,TIDAK ADA DATA
201011,2010-11-04,DKI3,,,,,,,0,,TIDAK ADA DATA
201011,2010-11-05,DKI3,,,,,,,0,,TIDAK ADA DATA
201011,2010-11-06,DKI3,,,,,,,0,,TIDAK ADA DATA
201011,2010-11-07,DKI3,69.0,,0.0,19.0,80.0,6.0,80,O3,SEDANG
201011,2010-11-08,DKI3,32.0,,0.0,8.0,56.0,3.0,56,O3,SEDANG
201011,2010-11-09,DKI3,50.0,,0.0,12.0,76.0,3.0,76,O3,SEDANG
201011,2010-11-10,DKI3,55.0,,0.0,15.0,215.0,10.0,215,O3,SANGAT TIDAK SEHAT
201011,2010-11-11,DKI3,56.0,,0.0,16.0,126.0,10.0,126,O3,TIDAK SEHAT
201011,2010-11-12,DKI3,44.0,,0.0,22.0,81.0,8.0,81,O3,SEDANG
201011,2010-11-13,DKI3,43.0,,0.0,26.0,107.0,9.0,107,O3,TIDAK SEHAT
201011,2010-11-14,DKI3,52.0,,0.0,31.0,67.0,11.0,67,O3,SEDANG
201011,2010-11-15,DKI3,51.0,,0.0,16.0,130.0,7.0,130,O3,TIDAK SEHAT
201011,2010-11-16,DKI3,64.0,,0.0,32.0,137.0,11.0,137,O3,TIDAK SEHAT
201009,2010-09-10,DKI4,,,,,,,0,,TIDAK ADA DATA
201009,2010-09-11,DKI4,,,,,,,0,,TIDAK ADA DATA
201009,2010-09-12,DKI4,,,,,,,0,,TIDAK ADA DATA
201009,2010-09-13,DKI4,,,,,,,0,,TIDAK ADA DATA
201009,2010-09-14,DKI4,,,,,,,0,,TIDAK ADA DATA
201009,2010-09-15,DKI4,,,,,,,0,,TIDAK ADA DATA
201009,2010-09-16,DKI4,,,,,,,0,,TIDAK ADA DATA
201009,2010-09-17,DKI4,,,,,,,0,,TIDAK ADA DATA
201009,2010-09-18,DKI4,,,,,,,0,,TIDAK ADA DATA
201009,2010-09-19,DKI4,,,,,,,0,,TIDAK ADA DATA
201009,2010-09-20,DKI4,,,,,,,0,,TIDAK ADA DATA
201009,2010-09-21,DKI4,,,,,,,0,,TIDAK ADA DATA
201009,2010-09-22,DKI4,,,,,,,0,,TIDAK ADA DATA
201009,2010-09-23,DKI4,,,,,,,0,,TIDAK ADA DATA
201009,2010-09-24,DKI4,,,,,,,0,,TIDAK ADA DATA
201009,2010-09-25,DKI4,,,,,,,0,,TIDAK ADA DATA
201009,2010-09-26,DKI4,,,,,,,0,,TIDAK ADA DATA
201009,2010-09-27,DKI4,,,,,,,0,,TIDAK ADA DATA
201009,2010-09-28,DKI4,,,,,,,0,,TIDAK ADA DATA
201009,2010-09-29,DKI4,,,,,,,0,,TIDAK ADA DATA
201009,2010-09-30,DKI4,,,,,,,0,,TIDAK ADA DATA
201009,2010-09-01,DKI5,,,,,,,0,,TIDAK ADA DATA
201009,2010-09-02,DKI5,,,,,,,0,,TIDAK ADA DATA
201009,2010-09-03,DKI5,,,,,,,0,,TIDAK ADA DATA
201009,2010-09-04,DKI5,,,,,,,0,,TIDAK ADA DATA
201009,2010-09-05,DKI5,,,,,,,0,,TIDAK ADA DATA
201009,2010-09-06,DKI5,,,,,,,0,,TIDAK ADA DATA
201009,2010-09-07,DKI5,,,,,,,0,,TIDAK ADA DATA
201009,2010-09-08,DKI5,,,,,,,0,,TIDAK ADA DATA
201009,2010-09-09,DKI5,,,,,,,0,,TIDAK ADA DATA
201009,2010-09-10,DKI5,,,,,,,0,,TIDAK ADA DATA
201009,2010-09-11,DKI5,,,,,,,0,,TIDAK ADA DATA
201009,2010-09-12,DKI5,,,,,,,0,,TIDAK ADA DATA
201009,2010-09-13,DKI5,,,,,,,0,,TIDAK ADA DATA
201009,2010-09-14,DKI5,,,,,,,0,,TIDAK ADA DATA
201009,2010-09-15,DKI5,,,,,,,0,,TIDAK ADA DATA
201009,2010-09-16,DKI5,,,,,,,0,,TIDAK ADA DATA
201009,2010-09-17,DKI5,,,,,,,0,,TIDAK ADA DATA
201009,2010-09-18,DKI5,,,,,,,0,,TIDAK ADA DATA
201009,2010-09-19,DKI5,,,,,,,0,,TIDAK ADA DATA
201009,2010-09-20,DKI5,,,,,,,0,,TIDAK ADA DATA
201009,2010-09-21,DKI5,,,,,,,0,,TIDAK ADA DATA
201009,2010-09-22,DKI5,,,,,,,0,,TIDAK ADA DATA
201009,2010-09-23,DKI5,,,,,,,0,,TIDAK ADA DATA
201009,2010-09-24,DKI5,,,,,,,0,,TIDAK ADA DATA
201009,2010-09-25,DKI5,,,,,,,0,,TIDAK ADA DATA
201009,2010-09-26,DKI5,,,,,,,0,,TIDAK ADA DATA
201009,2010-09-27,DKI5,,,,,,,0,,TIDAK ADA DATA
201009,2010-09-28,DKI5,,,,,,,0,,TIDAK ADA DATA
201009,2010-09-29,DKI5,,,,,,,0,,TIDAK ADA DATA
201009,2010-09-30,DKI5,,,,,,,0,,TIDAK ADA DATA
201010,2010-10-01,DKI1,54.0,,17.0,32.0,100.0,23.0,100,O3,SEDANG
201010,2010-10-02,DKI1,56.0,,18.0,41.0,67.0,20.0,67,O3,SEDANG
201010,2010-10-03,DKI1,60.0,,16.0,62.0,43.0,19.0,62,CO,SEDANG
201010,2010-10-04,DKI1,39.0,,15.0,44.0,51.0,27.0,51,O3,SEDANG
201010,2010-10-05,DKI1,54.0,,22.0,39.0,63.0,23.0,63,O3,SEDANG
201010,2010-10-06,DKI1,69.0,,27.0,41.0,71.0,24.0,71,O3,SEDANG
201010,2010-10-07,DKI1,50.0,,17.0,42.0,80.0,30.0,80,O3,SEDANG
201010,2010-10-08,DKI1,62.0,,21.0,36.0,59.0,24.0,62,PM10,SEDANG
201010,2010-10-09,DKI1,53.0,,16.0,44.0,62.0,21.0,62,O3,SEDANG
201010,2010-10-10,DKI1,41.0,,19.0,23.0,55.0,14.0,55,O3,SEDANG
201010,2010-10-11,DKI1,46.0,,21.0,28.0,111.0,24.0,111,O3,TIDAK SEHAT
201010,2010-10-12,DKI1,59.0,,25.0,31.0,95.0,26.0,95,O3,SEDANG
201010,2010-10-13,DKI1,52.0,,17.0,28.0,56.0,19.0,56,O3,SEDANG
201010,2010-10-14,DKI1,51.0,,21.0,32.0,60.0,24.0,60,O3,SEDANG
201010,2010-10-15,DKI1,49.0,,15.0,46.0,43.0,23.0,49,PM10,BAIK
201010,2010-10-16,DKI1,48.0,,18.0,31.0,40.0,17.0,48,PM10,BAIK
201010,2010-10-17,DKI1,48.0,,17.0,25.0,46.0,15.0,48,PM10,BAIK
201010,2010-10-18,DKI1,54.0,,16.0,38.0,64.0,18.0,64,O3,SEDANG
201010,2010-10-19,DKI1,47.0,,17.0,31.0,69.0,22.0,69,O3,SEDANG
201010,2010-10-20,DKI1,47.0,,15.0,35.0,70.0,20.0,70,O3,SEDANG
201010,2010-10-21,DKI1,41.0,,17.0,33.0,90.0,21.0,90,O3,SEDANG
201010,2010-10-22,DKI1,48.0,,17.0,31.0,75.0,23.0,75,O3,SEDANG
201010,2010-10-23,DKI1,56.0,,15.0,59.0,66.0,23.0,66,O3,SEDANG
201010,2010-10-24,DKI1,52.0,,15.0,35.0,37.0,17.0,52,PM10,SEDANG
201010,2010-10-25,DKI1,43.0,,18.0,38.0,58.0,23.0,58,O3,SEDANG
201010,2010-10-26,DKI1,37.0,,15.0,48.0,32.0,18.0,48,CO,BAIK
201010,2010-10-27,DKI1,43.0,,17.0,34.0,70.0,21.0,70,O3,SEDANG
201010,2010-10-28,DKI1,40.0,,16.0,32.0,69.0,22.0,69,O3,SEDANG
201010,2010-10-29,DKI1,49.0,,18.0,32.0,57.0,21.0,57,O3,SEDANG
201010,2010-10-30,DKI1,57.0,,19.0,37.0,55.0,19.0,57,PM10,SEDANG
201010,2010-10-31,DKI1,39.0,,12.0,30.0,36.0,14.0,39,PM10,BAIK
201010,2010-10-01,DKI2,,,,,,,0,,TIDAK ADA DATA
201010,2010-10-02,DKI2,,,,,,,0,,TIDAK ADA DATA
201010,2010-10-03,DKI2,,,,,,,0,,TIDAK ADA DATA
201010,2010-10-04,DKI2,,,,,,,0,,TIDAK ADA DATA
201010,2010-10-05,DKI2,,,,,,,0,,TIDAK ADA DATA
201010,2010-10-06,DKI2,,,,,,,0,,TIDAK ADA DATA
201010,2010-10-07,DKI2,,,,,,,0,,TIDAK ADA DATA
201010,2010-10-08,DKI2,,,,,,,0,,TIDAK ADA DATA
201010,2010-10-09,DKI2,,,,,,,0,,TIDAK ADA DATA
201010,2010-10-10,DKI2,,,,,,,0,,TIDAK ADA DATA
201010,2010-10-11,DKI2,,,,,,,0,,TIDAK ADA DATA
201010,2010-10-12,DKI2,,,,,,,0,,TIDAK ADA DATA
201010,2010-10-13,DKI2,,,,,,,0,,TIDAK ADA DATA
201010,2010-10-14,DKI2,,,,,,,0,,TIDAK ADA DATA
201010,2010-10-15,DKI2,,,,,,,0,,TIDAK ADA DATA
201010,2010-10-16,DKI2,,,,,,,0,,TIDAK ADA DATA
201010,2010-10-17,DKI2,,,,,,,0,,TIDAK ADA DATA
201010,2010-10-18,DKI2,,,,,,,0,,TIDAK ADA DATA
201010,2010-10-19,DKI2,,,,,,,0,,TIDAK ADA DATA
201010,2010-10-20,DKI2,,,,,,,0,,TIDAK ADA DATA
201010,2010-10-21,DKI2,,,,,,,0,,TIDAK ADA DATA
201010,2010-10-22,DKI2,,,,,,,0,,TIDAK ADA DATA
201010,2010-10-23,DKI2,,,,,,,0,,TIDAK ADA DATA
201010,2010-10-24,DKI2,,,,,,,0,,TIDAK ADA DATA
201010,2010-10-25,DKI2,,,,,,,0,,TIDAK ADA DATA
201010,2010-10-26,DKI2,,,,,,,0,,TIDAK ADA DATA
201010,2010-10-27,DKI2,,,,,,,0,,TIDAK ADA DATA
201010,2010-10-28,DKI2,,,,,,,0,,TIDAK ADA DATA
201010,2010-10-29,DKI2,,,,,,,0,,TIDAK ADA DATA
201010,2010-10-30,DKI2,,,,,,,0,,TIDAK ADA DATA
201010,2010-10-31,DKI2,,,,,,,0,,TIDAK ADA DATA
201010,2010-10-01,DKI3,,,,,,,0,,TIDAK ADA DATA
201010,2010-10-02,DKI3,,,,,,,0,,TIDAK ADA DATA
201010,2010-10-03,DKI3,,,,,,,0,,TIDAK ADA DATA
201010,2010-10-04,DKI3,,,,,,,0,,TIDAK ADA DATA
201010,2010-10-05,DKI3,,,,,,,0,,TIDAK ADA DATA
201010,2010-10-06,DKI3,,,,,,,0,,TIDAK ADA DATA
201010,2010-10-07,DKI3,,,,,,,0,,TIDAK ADA DATA
201010,2010-10-08,DKI3,,,,,,,0,,TIDAK ADA DATA
201010,2010-10-09,DKI3,,,,,,,0,,TIDAK ADA DATA
201010,2010-10-10,DKI3,,,,,,,0,,TIDAK ADA DATA
201010,2010-10-11,DKI3,,,,,,,0,,TIDAK ADA DATA
201010,2010-10-12,DKI3,,,,,,,0,,TIDAK ADA DATA
201010,2010-10-13,DKI3,,,,,,,0,,TIDAK ADA DATA
201010,2010-10-14,DKI3,,,,,,,0,,TIDAK ADA DATA
201010,2010-10-15,DKI3,,,,,,,0,,TIDAK ADA DATA
201010,2010-10-16,DKI3,,,,,,,0,,TIDAK ADA DATA
201010,2010-10-17,DKI3,,,,,,,0,,TIDAK ADA DATA
201010,2010-10-18,DKI3,,,,,,,0,,TIDAK ADA DATA
201010,2010-10-19,DKI3,,,,,,,0,,TIDAK ADA DATA
201010,2010-10-20,DKI3,,,,,,,0,,TIDAK ADA DATA
201010,2010-10-21,DKI3,,,,,,,0,,TIDAK ADA DATA
201010,2010-10-22,DKI3,,,,,,,0,,TIDAK ADA DATA
201010,2010-10-23,DKI3,,,,,,,0,,TIDAK ADA DATA
201010,2010-10-24,DKI3,,,,,,,0,,TIDAK ADA DATA
201010,2010-10-25,DKI3,,,,,,,0,,TIDAK ADA DATA
201010,2010-10-26,DKI3,,,,,,,0,,TIDAK ADA DATA
201010,2010-10-27,DKI3,,,,,,,0,,TIDAK ADA DATA
201012,2010-12-01,DKI1,28.0,,17.0,26.0,29.0,12.0,29,O3,BAIK
201012,2010-12-02,DKI1,41.0,,21.0,30.0,30.0,14.0,41,PM10,BAIK
201012,2010-12-03,DKI1,45.0,,31.0,34.0,38.0,14.0,45,PM10,BAIK
201012,2010-12-04,DKI1,49.0,,24.0,32.0,29.0,13.0,49,PM10,BAIK
201012,2010-12-05,DKI1,31.0,,15.0,34.0,25.0,6.0,34,CO,BAIK
201012,2010-12-06,DKI1,25.0,,14.0,24.0,24.0,9.0,25,PM10,BAIK
201012,2010-12-07,DKI1,25.0,,14.0,23.0,22.0,6.0,25,PM10,BAIK
201012,2010-12-08,DKI1,25.0,,14.0,19.0,20.0,8.0,25,PM10,BAIK
201012,2010-12-09,DKI1,28.0,,14.0,23.0,19.0,11.0,28,PM10,BAIK
201012,2010-12-10,DKI1,30.0,,16.0,23.0,20.0,8.0,30,PM10,BAIK
201012,2010-12-11,DKI1,25.0,,13.0,20.0,21.0,8.0,25,PM10,BAIK
201012,2010-12-12,DKI1,27.0,,13.0,19.0,30.0,10.0,30,O3,BAIK
201012,2010-12-13,DKI1,34.0,,16.0,22.0,30.0,10.0,34,PM10,BAIK
201012,2010-12-14,DKI1,51.0,,20.0,32.0,31.0,17.0,51,PM10,SEDANG
201012,2010-12-15,DKI1,50.0,,19.0,34.0,30.0,14.0,50,PM10,BAIK
201012,2010-12-16,DKI1,36.0,,19.0,27.0,22.0,14.0,36,PM10,BAIK
201012,2010-12-17,DKI1,38.0,,20.0,20.0,23.0,7.0,38,PM10,BAIK
201012,2010-12-18,DKI1,33.0,,15.0,27.0,20.0,9.0,33,PM10,BAIK
201012,2010-12-19,DKI1,34.0,,13.0,19.0,22.0,10.0,34,PM10,BAIK
201012,2010-12-20,DKI1,33.0,,17.0,26.0,20.0,11.0,33,PM10,BAIK
201012,2010-12-21,DKI1,37.0,,16.0,27.0,22.0,12.0,37,PM10,BAIK
201012,2010-12-22,DKI1,29.0,,14.0,34.0,17.0,13.0,34,CO,BAIK
201012,2010-12-23,DKI1,40.0,,20.0,41.0,24.0,13.0,41,CO,BAIK
201012,2010-12-24,DKI1,51.0,,19.0,32.0,97.0,23.0,97,O3,SEDANG
201012,2010-12-25,DKI1,59.0,,28.0,27.0,28.0,14.0,59,PM10,SEDANG
201012,2010-12-26,DKI1,39.0,,18.0,23.0,48.0,12.0,48,O3,BAIK
201012,2010-12-27,DKI1,27.0,,19.0,22.0,27.0,10.0,27,PM10,BAIK
201012,2010-12-28,DKI1,38.0,,15.0,23.0,35.0,12.0,38,PM10,BAIK
201012,2010-12-29,DKI1,34.0,,16.0,25.0,26.0,11.0,34,PM10,BAIK
201012,2010-12-30,DKI1,36.0,,18.0,24.0,22.0,8.0,36,PM10,BAIK
201012,2010-12-31,DKI1,33.0,,19.0,21.0,29.0,9.0,33,PM10,BAIK
201012,2010-12-01,DKI2,10.0,,,,,,10,PM10,BAIK
201012,2010-12-02,DKI2,11.0,,,,,,11,PM10,BAIK
201012,2010-12-03,DKI2,18.0,,9.0,20.0,57.0,12.0,57,O3,SEDANG
201012,2010-12-04,DKI2,16.0,,8.0,17.0,25.0,18.0,25,O3,BAIK
201012,2010-12-05,DKI2,14.0,,4.0,24.0,30.0,8.0,30,O3,BAIK
201012,2010-12-06,DKI2,13.0,,3.0,16.0,31.0,9.0,31,O3,BAIK
201012,2010-12-07,DKI2,12.0,,3.0,22.0,22.0,7.0,22,CO,BAIK
201012,2010-12-08,DKI2,12.0,,2.0,14.0,20.0,9.0,20,O3,BAIK
201012,2010-12-09,DKI2,15.0,,3.0,18.0,21.0,14.0,21,O3,BAIK
201012,2010-12-10,DKI2,14.0,,3.0,16.0,23.0,9.0,23,O3,BAIK
201012,2010-12-11,DKI2,10.0,,2.0,18.0,18.0,12.0,18,CO,BAIK
201012,2010-12-12,DKI2,12.0,,4.0,21.0,43.0,15.0,43,O3,BAIK
201012,2010-12-13,DKI2,14.0,,6.0,14.0,24.0,15.0,24,O3,BAIK
201012,2010-12-14,DKI2,17.0,,9.0,18.0,21.0,15.0,21,O3,BAIK
201012,2010-12-15,DKI2,20.0,,10.0,24.0,21.0,19.0,24,CO,BAIK
201012,2010-12-16,DKI2,17.0,,7.0,16.0,22.0,15.0,22,O3,BAIK
201012,2010-12-17,DKI2,13.0,,7.0,14.0,21.0,9.0,21,O3,BAIK
201012,2010-12-18,DKI2,14.0,,3.0,27.0,33.0,11.0,33,O3,BAIK
201011,2010-11-05,DKI5,,,,,,,0,,TIDAK ADA DATA
201011,2010-11-06,DKI5,,,,,,,0,,TIDAK ADA DATA
201011,2010-11-07,DKI5,,,,,,,0,,TIDAK ADA DATA
201011,2010-11-08,DKI5,,,,,,,0,,TIDAK ADA DATA
201011,2010-11-09,DKI5,,,,,,,0,,TIDAK ADA DATA
201011,2010-11-10,DKI5,,,,,,,0,,TIDAK ADA DATA
201011,2010-11-11,DKI5,,,,,,,0,,TIDAK ADA DATA
201011,2010-11-12,DKI5,,,,,,,0,,TIDAK ADA DATA
201011,2010-11-13,DKI5,,,,,,,0,,TIDAK ADA DATA
201011,2010-11-14,DKI5,,,,,,,0,,TIDAK ADA DATA
201011,2010-11-15,DKI5,,,,,,,0,,TIDAK ADA DATA
201011,2010-11-16,DKI5,,,,,,,0,,TIDAK ADA DATA
201011,2010-11-17,DKI5,,,,,,,0,,TIDAK ADA DATA
201011,2010-11-18,DKI5,,,,,,,0,,TIDAK ADA DATA
201011,2010-11-19,DKI5,,,,,,,0,,TIDAK ADA DATA
201011,2010-11-20,DKI5,,,,,,,0,,TIDAK ADA DATA
201011,2010-11-21,DKI5,,,,,,,0,,TIDAK ADA DATA
201011,2010-11-22,DKI5,,,,,,,0,,TIDAK ADA DATA
201011,2010-11-23,DKI5,,,,,,,0,,TIDAK ADA DATA
201011,2010-11-24,DKI5,,,,,,,0,,TIDAK ADA DATA
201011,2010-11-25,DKI5,,,,,,,0,,TIDAK ADA DATA
201011,2010-11-26,DKI5,,,,,,,0,,TIDAK ADA DATA
201011,2010-11-27,DKI5,,,,,,,0,,TIDAK ADA DATA
201011,2010-11-28,DKI5,,,,,,,0,,TIDAK ADA DATA
201011,2010-11-29,DKI5,,,,,,,0,,TIDAK ADA DATA
201011,2010-11-30,DKI5,,,,,,,0,,TIDAK ADA DATA
201012,2010-12-19,DKI2,15.0,,3.0,17.0,27.0,9.0,27,O3,BAIK
201012,2010-12-20,DKI2,17.0,,5.0,17.0,33.0,9.0,33,O3,BAIK
201012,2010-12-21,DKI2,15.0,,5.0,14.0,31.0,11.0,31,O3,BAIK
201012,2010-12-22,DKI2,12.0,,3.0,15.0,33.0,8.0,33,O3,BAIK
201012,2010-12-23,DKI2,18.0,,8.0,20.0,30.0,13.0,30,O3,BAIK
201012,2010-12-24,DKI2,20.0,,6.0,24.0,104.0,15.0,104,O3,TIDAK SEHAT
201012,2010-12-25,DKI2,26.0,,15.0,16.0,33.0,15.0,33,O3,BAIK
201012,2010-12-26,DKI2,17.0,,5.0,15.0,24.0,12.0,24,O3,BAIK
201012,2010-12-27,DKI2,12.0,,5.0,12.0,26.0,14.0,26,O3,BAIK
201012,2010-12-28,DKI2,15.0,,9.0,13.0,43.0,17.0,43,O3,BAIK
201012,2010-12-29,DKI2,20.0,,5.0,25.0,35.0,14.0,35,O3,BAIK
201012,2010-12-30,DKI2,17.0,,7.0,16.0,29.0,15.0,29,O3,BAIK
201012,2010-12-31,DKI2,17.0,,6.0,13.0,34.0,15.0,34,O3,BAIK
201012,2010-12-01,DKI3,58.0,,3.0,12.0,80.0,3.0,80,O3,SEDANG
201012,2010-12-02,DKI3,53.0,,3.0,12.0,80.0,4.0,80,O3,SEDANG
201012,2010-12-03,DKI3,59.0,,5.0,16.0,82.0,9.0,82,O3,SEDANG
201012,2010-12-04,DKI3,50.0,,5.0,17.0,42.0,3.0,50,PM10,BAIK
201012,2010-12-05,DKI3,41.0,,3.0,22.0,23.0,3.0,41,PM10,BAIK
201012,2010-12-06,DKI3,31.0,,3.0,11.0,34.0,5.0,34,O3,BAIK
201012,2010-12-07,DKI3,29.0,,3.0,8.0,30.0,3.0,30,O3,BAIK
201012,2010-12-08,DKI3,42.0,,3.0,13.0,32.0,4.0,42,PM10,BAIK
201012,2010-12-09,DKI3,35.0,,4.0,10.0,58.0,4.0,58,O3,SEDANG
201012,2010-12-10,DKI3,43.0,,3.0,9.0,50.0,3.0,50,O3,BAIK
201012,2010-12-11,DKI3,31.0,,3.0,6.0,38.0,3.0,38,O3,BAIK
201012,2010-12-12,DKI3,33.0,,4.0,10.0,37.0,4.0,37,O3,BAIK
201012,2010-12-13,DKI3,39.0,,4.0,7.0,83.0,3.0,83,O3,SEDANG
201012,2010-12-14,DKI3,61.0,,5.0,17.0,56.0,4.0,61,PM10,SEDANG
201012,2010-12-15,DKI3,58.0,,5.0,17.0,119.0,9.0,119,O3,TIDAK SEHAT
201012,2010-12-16,DKI3,41.0,,5.0,8.0,44.0,2.0,44,O3,BAIK
201012,2010-12-17,DKI3,36.0,,4.0,5.0,36.0,2.0,36,PM10,BAIK
201012,2010-12-18,DKI3,34.0,,3.0,6.0,28.0,2.0,34,PM10,BAIK
201012,2010-12-19,DKI3,49.0,,4.0,15.0,32.0,3.0,49,PM10,BAIK
201012,2010-12-20,DKI3,51.0,,4.0,13.0,31.0,4.0,51,PM10,SEDANG
201012,2010-12-21,DKI3,40.0,,4.0,7.0,32.0,3.0,40,PM10,BAIK
201012,2010-12-22,DKI3,45.0,,4.0,6.0,32.0,3.0,45,PM10,BAIK
201012,2010-12-23,DKI3,51.0,,4.0,14.0,38.0,3.0,51,PM10,SEDANG
201012,2010-12-24,DKI3,62.0,,5.0,16.0,241.0,9.0,241,O3,SANGAT TIDAK SEHAT
201012,2010-12-25,DKI3,65.0,,6.0,16.0,80.0,7.0,80,O3,SEDANG
201012,2010-12-26,DKI3,65.0,,5.0,20.0,52.0,4.0,65,PM10,SEDANG
201012,2010-12-27,DKI3,38.0,,6.0,4.0,54.0,2.0,54,O3,SEDANG
201012,2010-12-28,DKI3,45.0,,6.0,6.0,53.0,2.0,53,O3,SEDANG
201012,2010-12-29,DKI3,42.0,,5.0,9.0,40.0,4.0,42,PM10,BAIK
201012,2010-12-30,DKI3,38.0,,7.0,4.0,40.0,1.0,40,O3,BAIK
201012,2010-12-31,DKI3,,,4.0,6.0,34.0,2.0,34,O3,BAIK
201012,2010-12-01,DKI4,54.0,,1.0,11.0,47.0,8.0,54,PM10,SEDANG
201012,2010-12-02,DKI4,63.0,,2.0,17.0,59.0,9.0,63,PM10,SEDANG
201012,2010-12-03,DKI4,68.0,,8.0,27.0,45.0,12.0,68,PM10,SEDANG
201012,2010-12-04,DKI4,74.0,,5.0,28.0,46.0,5.0,74,PM10,SEDANG
201012,2010-12-05,DKI4,60.0,,2.0,38.0,18.0,6.0,60,PM10,SEDANG
201012,2010-12-06,DKI4,55.0,,1.0,15.0,23.0,13.0,55,PM10,SEDANG
201012,2010-12-07,DKI4,54.0,,1.0,13.0,19.0,5.0,54,PM10,SEDANG
201012,2010-12-08,DKI4,61.0,,0.0,12.0,21.0,7.0,61,PM10,SEDANG
201012,2010-12-09,DKI4,56.0,,1.0,17.0,37.0,11.0,56,PM10,SEDANG
201012,2010-12-10,DKI4,63.0,,1.0,12.0,29.0,8.0,63,PM10,SEDANG
201012,2010-12-11,DKI4,54.0,,0.0,9.0,19.0,6.0,54,PM10,SEDANG
201012,2010-12-12,DKI4,56.0,,1.0,17.0,24.0,6.0,56,PM10,SEDANG
201012,2010-12-13,DKI4,67.0,,2.0,18.0,43.0,7.0,67,PM10,SEDANG
201012,2010-12-14,DKI4,82.0,,3.0,27.0,33.0,11.0,82,PM10,SEDANG
201012,2010-12-15,DKI4,,,4.0,23.0,67.0,17.0,67,O3,SEDANG
201012,2010-12-16,DKI4,,,2.0,14.0,23.0,8.0,23,O3,BAIK
201012,2010-12-17,DKI4,,,3.0,7.0,23.0,5.0,23,O3,BAIK
201012,2010-12-18,DKI4,,,1.0,16.0,21.0,6.0,21,O3,BAIK
201012,2010-12-19,DKI4,,,1.0,17.0,19.0,5.0,19,O3,BAIK
201012,2010-12-20,DKI4,,,2.0,13.0,30.0,6.0,30,O3,BAIK
201012,2010-12-21,DKI4,,,3.0,12.0,24.0,7.0,24,O3,BAIK
201012,2010-12-22,DKI4,55.0,,1.0,9.0,29.0,7.0,55,PM10,SEDANG
201012,2010-12-23,DKI4,59.0,,2.0,18.0,27.0,6.0,59,PM10,SEDANG
201012,2010-12-24,DKI4,54.0,,3.0,20.0,122.0,13.0,122,O3,TIDAK SEHAT
201012,2010-12-25,DKI4,,,6.0,19.0,40.0,11.0,40,O3,BAIK
201012,2010-12-26,DKI4,,,3.0,23.0,26.0,7.0,26,O3,BAIK
201012,2010-12-27,DKI4,,,4.0,8.0,38.0,6.0,38,O3,BAIK
201012,2010-12-28,DKI4,,,4.0,8.0,57.0,6.0,57,O3,SEDANG
201012,2010-12-29,DKI4,,,1.0,17.0,35.0,7.0,35,O3,BAIK
201012,2010-12-30,DKI4,,,7.0,8.0,22.0,5.0,22,O3,BAIK
201012,2010-12-31,DKI4,,,3.0,8.0,21.0,5.0,21,O3,BAIK
201012,2010-12-01,DKI5,,,,,,,0,,TIDAK ADA DATA
201012,2010-12-02,DKI5,,,,,,,0,,TIDAK ADA DATA
201012,2010-12-03,DKI5,,,,,,,0,,TIDAK ADA DATA
201012,2010-12-04,DKI5,,,,,,,0,,TIDAK ADA DATA
201012,2010-12-05,DKI5,,,,,,,0,,TIDAK ADA DATA
201012,2010-12-06,DKI5,,,,,,,0,,TIDAK ADA DATA
201012,2010-12-07,DKI5,,,,,,,0,,TIDAK ADA DATA
201012,2010-12-08,DKI5,,,,,,,0,,TIDAK ADA DATA
201012,2010-12-09,DKI5,,,,,,,0,,TIDAK ADA DATA
201012,2010-12-10,DKI5,,,,,,,0,,TIDAK ADA DATA
201012,2010-12-11,DKI5,,,,,,,0,,TIDAK ADA DATA
201012,2010-12-12,DKI5,,,,,,,0,,TIDAK ADA DATA
201012,2010-12-13,DKI5,,,,,,,0,,TIDAK ADA DATA
201012,2010-12-14,DKI5,,,,,,,0,,TIDAK ADA DATA
201012,2010-12-15,DKI5,,,,,,,0,,TIDAK ADA DATA
201012,2010-12-16,DKI5,,,,,,,0,,TIDAK ADA DATA
201012,2010-12-17,DKI5,,,,,,,0,,TIDAK ADA DATA
201012,2010-12-18,DKI5,,,,,,,0,,TIDAK ADA DATA
201012,2010-12-19,DKI5,,,,,,,0,,TIDAK ADA DATA
201012,2010-12-20,DKI5,,,,,,,0,,TIDAK ADA DATA
201012,2010-12-21,DKI5,,,,,,,0,,TIDAK ADA DATA
201012,2010-12-22,DKI5,,,,,,,0,,TIDAK ADA DATA
201012,2010-12-23,DKI5,,,,,,,0,,TIDAK ADA DATA
201012,2010-12-24,DKI5,,,,,,,0,,TIDAK ADA DATA
201012,2010-12-25,DKI5,,,,,,,0,,TIDAK ADA DATA
201012,2010-12-26,DKI5,,,,,,,0,,TIDAK ADA DATA
201012,2010-12-27,DKI5,,,,,,,0,,TIDAK ADA DATA
201012,2010-12-28,DKI5,,,,,,,0,,TIDAK ADA DATA
201012,2010-12-29,DKI5,,,,,,,0,,TIDAK ADA DATA
201012,2010-12-30,DKI5,,,,,,,0,,TIDAK ADA DATA
201012,2010-12-31,DKI5,,,,,,,0,,TIDAK ADA DATA
